_id,fullName,email,phone,age,edoConnection,edoConnections,companyName,cacNumber,yearFounded,website,problemSolution,industry,totalUsers,monthlyActiveUsers,monthlyRevenue,annualRevenue,growthRate,cac,ltv,tractionEvidence,teamSize,keyTeamMembers,previousFunding,fundingDetails,burnRate,runway,fundUsage,growthTargets,jobsCreated,marketOpportunity,socialImpact,longTermVision,whyInvest,track,status,grantYear,createdAt,updatedAt,__v
6a58108ab471e06b3f4b05ea,Gbemisola Adeleke,hello.hygieneheroes@gmail.com,08140392418,22,Business Based,Business Based,Hygiene Heroes International,,2024,https://www.hygieneheroes.com.ng,"Millions of girls and women in Nigeria lack access to affordable menstrual products, adequate menstrual health education, and safe sanitation facilities. Period poverty contributes to school absenteeism, poor health outcomes, gender inequality, and reduced economic participation. Hygiene Heroes addresses these challenges by manufacturing affordable, high-quality reusable menstrual pads that last up to 24 months, while delivering menstrual health education through community outreach, schools, and an AI-powered multilingual chatbot. Our integrated solution improves menstrual health, reduces plastic waste from disposable sanitary products, empowers girls to stay in school, and promotes dignity, health, and economic inclusion for women and girls across Africa.",health,500,20,500000,2500000,20,3500,50000,"ygiene Heroes has directly impacted over 1,000 girls and women across Lagos, Abuja, Ibadan, Port Harcourt, and Akwa Ibom through menstrual health education, reusable menstrual pad distribution, and advocacy programs. We have partnered with schools, youth organizations, healthcare professionals, and community leaders to improve menstrual health awareness and reduce period poverty. Hygiene Heroes emerged as a First Prize Winner at Global Tech Africa (Victoria Island, Lagos) and has secured land for the establishment of a reusable sanitary pad manufacturing facility. We continue to receive strong interest from development partners, investors, and organizations working to advance gender equality and women's health.",13,"Founder & CEO – Strategic Leadership, Partnerships, Fundraising and Business Development

• Chief Operations Officer – Manufacturing Operations, Supply Chain and Quality Assurance

• Product Development Lead – Product Innovation, Research and Manufacturing Improvement

• Programs & Impact Lead – Community Outreach, Menstrual Health Education and Partnerships

• Technology Lead – AI Chatbot Development, Digital Health Platform and Data Management

• Finance & Administration Lead – Financial Management, Compliance and Operations",yes,"Global Tech Africa--500,000

Donation from Overseas- 1,250,000",150000,12,"The ₦10 million grant will be used to accelerate the commercialization and expansion of Hygiene Heroes through:

• 40% – Purchase of manufacturing equipment and production of reusable menstrual pads

• 20% – Community outreach, menstrual health education, and product distribution

• 15% – Technology development, including enhancement of our AI-powered menstrual health chatbot

• 10% – Recruitment of production, sales, and operations staff

• 10% – Marketing, branding, and nationwide customer acquisition

• 5% – Monitoring, evaluation, regulatory compliance, and operational support","Within the next 12 months, Hygiene Heroes aims to manufacture and distribute over 50,000 reusable menstrual pads, directly impact more than 10,000 girls and women across Nigeria, establish partnerships with at least 100 schools and community organizations, launch our AI-powered menstrual health education platform nationwide, generate sustainable recurring revenue, and expand distribution into multiple Nigerian states while creating significant employment opportunities.",150,"Nigeria has over 100 million females, while Africa is home to more than 650 million women and girls, creating a significant market for affordable menstrual health products. Hygiene Heroes combines local manufacturing, reusable menstrual products, digital health education, and community engagement into one integrated solution. Unlike many competitors that focus solely on product sales, we provide long-lasting reusable pads, AI-powered multilingual menstrual health education, and social impact programs that improve health, education, and environmental sustainability. Our reusable products reduce long-term costs for users while minimizing plastic waste, positioning Hygiene Heroes as a scalable FemTech and social enterprise with strong competitive differentiation.","Hygiene Heroes improves school attendance, promotes menstrual dignity, advances gender equality, reduces period poverty, creates employment opportunities for women and youth, and reduces environmental pollution caused by disposable sanitary products. By improving access to affordable menstrual health solutions, we contribute to better health outcomes, increased educational attainment, women's economic participation, and progress toward the Sustainable Development Goals, including Good Health and Well-being (SDG 3), Quality Education (SDG 4), Gender Equality (SDG 5), Decent Work and Economic Growth (SDG 8), Responsible Consumption and Production (SDG 12), and Climate Action (SDG 13).","Within the next five years, Hygiene Heroes aims to become Africa's largest reusable menstrual pad company, serving millions of girls and women through affordable menstrual products, digital health education, and strategic partnerships. We will establish large-scale manufacturing facilities, expand into multiple African countries, integrate AI-powered reproductive health services, and build one of Africa's leading FemTech companies, ensuring that no girl misses school, work, or opportunities because of menstruation.","Hygiene Heroes is solving one of Africa's most urgent public health and gender equality challenges through an innovative, scalable, and sustainable business model. Our combination of reusable menstrual products, technology-enabled health education, and community engagement creates measurable social, economic, and environmental impact while building a commercially viable enterprise. The ₦10 million EYIF grant will enable us to increase local manufacturing, expand nationwide distribution, create quality jobs, and reach thousands more girls and women with life-changing menstrual health solutions. By investing in Hygiene Heroes, EYIF will help build a healthier, more inclusive, and economically empowered future for Nigeria.",SCALE,PENDING,2026,2026-07-15T22:58:18.702Z,2026-07-15T22:58:18.702Z,0
6a580ee3b471e06b3f4b05d8,Praise-God Awoyemi,praisegodawoyemi@gmail.com,07072925705,26,Resident,Resident,Waterbrooks Technologies,Waterbrooks Technologies,2024,https://www.waterbrookstechnologies.com.ng ,"Nigeria loses over US$10 billion annually to post-harvest losses due to inadequate cold storage and unreliable electricity, forcing smallholder farmers to sell produce at low prices or watch it spoil within days. WaterBrooks Technologies addresses this challenge through a solar-powered, eco-friendly cold storage solution that extends the shelf life of fresh fruits, vegetables, dairy, fish, and other perishables from approximately 3 days to up to 21 days. Our off-grid system enables farmers, cooperatives, and agribusinesses to reduce waste, increase incomes, access distant markets, and strengthen food security while lowering carbon emissions through clean energy.",agriculture,500,50,200000,3000000,20,5000,200000,"WaterBrooks has conducted feasibility studies across multiple Nigerian states and engaged over 500 smallholder farmers and agribusiness stakeholders. The solution has received positive validation from farmers, agricultural experts, and ecosystem partners for addressing critical cold-chain challenges. Our technology has demonstrated its ability to significantly extend produce shelf life while operating entirely on renewable solar energy. We continue to build strategic partnerships to expand pilot deployments and commercial adoption across Nigeria.",6,"CEO & Co-Founder – Business Strategy, Partnerships and Fundraising
CTO & Co-Founder – Product Development, Engineering and Technology
Operations Lead – Deployment, Logistics and Customer Success
 Business Development Lead – Sales, Market Expansion and Strategic Partnerships",yes,"NIDCOM- ASo Rock Villa- 250,000

Favoured Fund Pitch- 1,500,000-- Victoria Island, Lagos

Research and Development Fund--50,000",200000,12,"The ₦10 million grant will accelerate commercialization and market expansion through:

35% – Manufacturing additional solar-powered cold storage units
25% – Research and product improvement to enhance efficiency and affordability
15% – Sales, marketing and customer acquisition
10% – Recruitment of technical, operations and business development staff
10% – Pilot deployments with farmer cooperatives across new states

• 5% – Monitoring, evaluation, legal compliance and operational costs","Within the next 12 months, WaterBrooks aims to deploy more than 20 solar-powered cold storage units, serve over 2,500 farmers and agribusinesses, reduce post-harvest losses by more than 500 metric tonnes, create 15 direct jobs and over 100 indirect jobs, generate sustainable recurring revenue, and expand operations into at least five Nigerian states through strategic partnerships.",100,"Nigeria's agricultural sector produces millions of tonnes of perishable food annually, yet inadequate cold-chain infrastructure results in billions of dollars in losses each year. WaterBrooks operates within the rapidly growing cold-chain, climate-tech and agritech markets by providing an affordable, off-grid solution specifically designed for African conditions. Unlike conventional cold storage systems that depend on unreliable grid electricity or expensive diesel generators, our solar-powered technology delivers sustainable, low-cost refrigeration for rural and underserved communities, giving us a strong competitive advantage in affordability, accessibility and environmental sustainability.","WaterBrooks improves farmer incomes by reducing post-harvest losses, strengthens food security through better preservation of fresh produce, creates green jobs, supports climate action by replacing fossil-fuel-powered refrigeration with clean solar energy, and contributes to the achievement of multiple Sustainable Development Goals, including Zero Hunger, Affordable and Clean Energy, Decent Work and Economic Growth, Responsible Consumption and Production, and Climate Action.","Within the next five years, WaterBrooks aims to become Africa's leading provider of affordable solar-powered cold-chain solutions by deploying thousands of units across Nigeria and other African countries. We envision preserving millions of tonnes of agricultural produce, improving the livelihoods of hundreds of thousands of farmers, reducing greenhouse gas emissions from food waste, and building an integrated climate-smart agricultural ecosystem powered by renewable energy and digital technologies.","WaterBrooks is solving one of Nigeria's most pressing agricultural and climate challenges with a scalable, high-impact innovation. Our solution directly addresses food waste, farmer poverty, energy access and climate resilience while creating sustainable jobs and supporting economic growth. With the support of the EYIF Scale Track grant, we will accelerate manufacturing, expand into new markets, and deliver measurable economic, environmental and social impact. An investment in WaterBrooks is an investment in a more resilient agricultural sector, stronger rural livelihoods and a more sustainable future for Nigeria.",SCALE,PENDING,2026,2026-07-15T22:51:15.580Z,2026-07-15T22:51:15.580Z,0
6a580eaab471e06b3f4b05d6,Charity mbom,charityjames1512@gmail.com,09157990352,29,Resident,"Resident,Indigene,Business Based",Denostars Excellent Schools Estate ,BN3252908,2004,https://drive.google.com/file/d/1Vi7U6kowYjGLgNjRSgP4Dalyds_A6YRG/view?usp=drivesdk,"Lack of funds to Expand the school 
Enough funds for immediate investment ",education,20,20,30000,90000,3,5000,225000,https://drive.google.com/file/d/1Vi7U6kowYjGLgNjRSgP4Dalyds_A6YRG/view?usp=drivesdk,50,"Founder/Proprietor (1) – Provides strategic leadership, oversees school operations, and ensures the school's vision and long-term growth.
Principal (1) – Leads the school's academic and administrative activities.
Vice Principals (2) – One oversees academics, while the other manages administration and student affairs.
Head Teachers (2) – Supervise Nursery/Primary and Secondary sections to ensure quality teaching and learning.
Teachers (28) – Deliver high-quality education across Nursery, Primary, Junior Secondary, and Senior Secondary levels while mentoring students.
Bursar/Accountant (1) – Manages budgeting, financial records, payroll, and reporting.
Administrative Officers/Secretaries (2) – Handle admissions, student records, correspondence, and office administration.
ICT Officers (2) – Manage the school's technology infrastructure and support digital learning.
School Nurse (1) – Provides healthcare services and promotes students' wellbeing.
Librarian (1) – Manages the library and supports students' academic research.
Security Officers (5) – Ensure the safety of students, staff, visitors, and school property.
Drivers (2) – Provide safe transportation for students and staff where required.
Cleaners and Maintenance Staff (5) – Maintain a clean, hygienic, and safe learning environment and ensure school facilities are in good condition.",no,,125000,1,"Land acquisition – ₦3,000,000: Purchase of land for the school's permanent site.

Construction and classroom setup – ₦2,500,000: Initial classroom construction or renovation, desks, chairs, whiteboards, and other essential learning facilities.

Teaching materials and ICT equipment – ₦1,500,000: Textbooks, teaching aids, computers, printers, and basic ICT resources.

Staff recruitment and initial operational costs – ₦1,500,000: Recruitment of qualified teachers and administrative staff, as well as support for initial salaries and utilities.

School registration, licensing, and furniture – ₦800,000: Government approvals, office equipment, and administrative setup.

Student subsidies and contingency – ₦700,000: Subsidized tuition, learning materials for disadvantaged students, and a reserve for unforeseen startup expenses.","Within the first 12 months, the school aims to successfully establish its operations, enroll 200–300 students, recruit and retain 30–40 qualified staff members, and build a strong reputation for providing quality, affordable education. The school will focus on delivering excellent academic standards, maintaining high student satisfaction, and forming strong partnerships with parents and the local community. By the end of the first year, the goal is to achieve stable enrollment, sustainable operations, and a solid foundation for future expansion.If you're applying for a grant, this sounds realistic and ambitious without overstating what a new school can achieve.",50,"This business is designed to make essential products and services more affordable and accessible to students by offering them at subsidized prices. Many students face financial challenges, creating a strong demand for quality items that fit within their budgets. With government support, the business will be able to reduce costs while maintaining high standards, ensuring that more students can access what they need for their education. This commitment to affordability, combined with reliable service, quality products, and a focus on students' needs, gives the business a strong competitive advantage and positions it for sustainable growth while supporting students' academic success.","This business will have a positive impact by providing valuable products and services to students and the community while encouraging entrepreneurship among young people. Economically, it has the potential to create employment opportunities, support local suppliers, and contribute to economic growth as it expands. Socially, it will promote innovation, self-reliance, and skill development, inspiring other students to pursue entrepreneurship and become active contributors to society. By empowering young entrepreneurs, the business will help build a more productive, resilient, and economically vibrant community.","My long-term vision is to grow this school business into a sustainable and reputable enterprise that continues to serve students and the wider community even after graduation. I aim to expand the business by improving the quality of its products and services, creating employment opportunities for other young people, and contributing to the local economy. As the business grows, I plan to reinvest profits into innovation, community development, and youth empowerment initiatives. Ultimately, I want the business to become a model of successful student entrepreneurship that inspires others, supports economic growth, and demonstrates how young entrepreneurs can make a positive impact on society.","I am requesting this government grant to help launch my school business idea, which has the potential to benefit both the community and the economy. By supporting this project, the government will be investing in youth entrepreneurship, promoting innovation, creating future job opportunities, and encouraging self-reliance among young people. With this support, I will build a sustainable business that serves citizens, contributes to economic growth, and reflects the government's commitment to empowering the next generation.This is short, persuasive, and highlights why funding your idea is also in the government's interest.",SCALE,PENDING,2026,2026-07-15T22:50:18.870Z,2026-07-15T22:50:18.870Z,0
6a580965b471e06b3f4b05a8,Deborah Aikounu Okoye,deborahaikounu@gmail.con,08130886541,34,Resident,"Resident,Indigene,Business Based",Emmye Energy ,,2023,https://www.emmyeenergy.com,"Epileptic power supply 

Designing and installing renewable and accessible solar systems for homes and businesses, to alleviate the epileptic power condition faced by Nigerians.",cleantech,100,30,2000000,30000000,5,,,https://www.facebook.com/share/1BpKtR8j8c/?mibextid=wwXIfr,10,"Okoye Emmanuel (Co-Founder)
Mabel Ghomorai (Media and Communications Head)
Bar. DORIS Ilegboje( Human Resource Officer)
Tracy Igbinoba (Administrative Assistant/Social media manager )
Okeke Rita(Administrative Assistant )
Marvelous Adams (Graphic designer)
Hope Obero(Videographer)
Hilary Uyinmwen(Technician)
Prosper Godwin (Technician )",no,,900000,6,"We plan to expand and scale our business to reach more people, 

What we intend to do is to produce some portable systems that are affordable for the lower class, students, and villagers who can't afford the large solar systems that are expensive for ordinary people to purchase.

And carrying out campaigns in rural areas to bring this product awareness to them. ","In 12months, we intend to cut across 12 states, with each month focusing on the rural areas of these states and bringing the awareness of the possibilities of constant electricity and educating them on the relevance of having a solar system in their homes or businesses. 

And thereafter, when our products are out, we take them to the ready market to those who have indicated interest in getting these portable systems. ",20,Villages that do not have access to electricity.,Giving an opportunity to everyone to experience constant electricity and live free from the darkness and ravages them every day.,"In 3 to 5 years, we have a vision to cover the whole country, visiting rural areas that have no electricity and bringing constant electricity to their doorstep. And also, empower the youths, especially girls who are passionate about renewable energy and developing their interest in it. ","We are an excellent, goal-oriented, and trustworthy company. 

Our vision is to energize Africa, one home and one business at a time. 

And we are nig stopping at anything but to see this come to pass. 

Thank you.",SCALE,PENDING,2026,2026-07-15T22:27:49.534Z,2026-07-15T22:27:49.534Z,0
6a580923b471e06b3f4b05a6,Isaiah Yakubu,henakconsulting@gmail,08100230294,27,Resident,"Resident,Indigene,Business Based",Henak Consulting Ltd,RC 7830508,2024,https://www.henakconsulting.com,"Problem: Across Nigeria, thousands of NGOs, startups, SMEs, and social enterprises struggle to access affordable, high-quality consulting and capacity development services. Many organizations lack the expertise to secure grants, develop sustainable business strategies, strengthen governance, improve operational efficiency, and manage projects effectively. As a result, they miss funding opportunities, experience slow growth, and face challenges in scaling their businesses and social impact, while existing consulting firms are often too expensive or offer one-size-fits-all solutions.

Solution: Henak Consulting Ltd bridges this gap by providing practical, affordable, and results-oriented business advisory, grant writing, organizational development, project management, capacity strengthening, and digital transformation services tailored to the Nigerian market. Through our consulting services and the Henak NGO Support Hub, we equip organizations with the tools, skills, and strategic support needed to attract funding, improve performance, strengthen systems, and achieve sustainable growth. To date, we have supported over 350 organizations and businesses and helped clients mobilize more than US$1 million in funding.",other,320,301,1120000,3000000,15,16780,2500000,https://www.linkedin.com/company/henakconsulting/,22,"1. Isaiah Yakubu – Founder & Managing Partner (Strategy, Business Development & Partnerships)
2. Catherine INEDU - Programs & Operations Lead – Client delivery and project management
3. Lois Ekeinde - Finance & Administration Officer – Finance, compliance and administration
4. Linda Shikuku - Business Development Associate – Client acquisition and partnerships
5. Ruth Igho - Communications & Digital Officer – Marketing, branding and community engagement",yes,"NGN 11,000,000 from founder",1291110,10,"The investment will accelerate Henak Consulting's expansion into a leading technology-enabled consulting and capacity development firm serving NGOs, SMEs, and development organizations across Nigeria.

Allocation:
1. Team expansion and recruitment – ₦1,000,000
2. Development of a digital consulting and learning platform – ₦2,500,000
3. Sales, marketing and business development – ₦2,000,000
4. Technology, software and operational infrastructure – ₦3,500,000
Working capital and business operations – ₦1,000,000","1. Increase annual revenue from ₦30 million to ₦75 million
2. Grow client base from 350+ to 700+ organizations and businesses
3. Expand operations into all six geopolitical zones.
4. Launch a digital learning and consulting platform.
5. Establish strategic partnerships with donor agencies, corporate organizations, and state governments.
6. Achieve over 90% client retention",300,"Nigeria has over 100,000 registered NGOs, thousands of SMEs, and an increasing demand for high-quality organizational development, fundraising, compliance, project management, and capacity-building services. Henak Consulting occupies a unique position by combining development-sector expertise with private-sector business advisory. Our extensive network within Nigeria's humanitarian and development ecosystem, practical implementation experience, affordable service model, and technology-driven delivery distinguish us from traditional consulting firms","Henak Consulting strengthens organizations that create social impact. By improving fundraising capacity, governance, project management, and organizational systems, we enable NGOs and SMEs to become more sustainable, create employment, attract investment, and deliver better services to communities. Our work has already contributed to organizations mobilizing over US$1 million for development initiatives and has strengthened hundreds of organizations across Nigeria.",A vibrant ecosystem of thriving organizations and enterprises in Africa and beyond,"We are an ecosystem and investing in us directly supports 300+ organizations of which 19% are from Edo State. Henak Consulting has demonstrated market demand, measurable impact, and a scalable business model. We have built a trusted reputation, served hundreds of organizations, and created a rapidly growing ecosystem through the Henak NGO Support Hub. The ₦10 million investment will not be used to validate an idea—it will be used to scale a business with proven traction, recurring revenue, experienced leadership, and significant growth potential. EYIF's support will enable us to create quality jobs, expand access to professional consulting services, strengthen Nigeria's nonprofit and SME ecosystem, and multiply social and economic impact nationwide.",SCALE,PENDING,2026,2026-07-15T22:26:43.480Z,2026-07-15T22:26:43.480Z,0
6a5807edb471e06b3f4b05a0,Joy Ayemere,joyayemere91@gmail.com,08055642810,24,Indigene,Indigene,Initiative for society growth and upliftment,CAC/IT/NO 97335,2017,https://societalgrowth.onrender.com,Assisting the less privileges in the society and giving out soft loans to traders.,other,270,50,1,7,20,2,,"Our business has successfully served a growing number of borrowers, disbursed loans consistently, maintained a strong repayment rate and built a base of repeat customers through reliable and responsible lending practices. Customer referrals and repeat borrowing demonstrate increasing trust in our services. Currrently, we do not have publicly available metrics dashboards at this stage. Business records and customer references are available upon request.",5,"Manager-
Assistant manager
Accountant
Cashiar
Office clerk",no,,400,12,Give out as soft loans to traders for small scale businesses.,"Increase our loan portfolio by 25%, grow active customers by 30% and maintain a repayment rate above 95% within the next 12 months",5,"Market opportunity: there is strong demand for accessible and timely loans among individuals and small businesses that often struggle to obtain financing from traditional banks due to lengthy approval processes and strict requirements

Competitive Advantages: we provide faster loan approvals, flexible repayment options, competitive interest rates, personalized customer service and a simple application process, making borrowing more convenient and accessible for our customers","We improve access to finance for individuals and small businesses, enabling business growth, supporting entrepreneurship, creating employment opportunities and contributing to local economic development.","To become a leading and trusted provider of accessible loans, serving more customers through digital innovation, responsible lending and sustainable business growth while supporting entrepreneurship and economic development","EYIF should invest in our business because we are committed to providing responsible and accessible financial services too individuals and small businesses that are underserved by traditional financial institutions. With EYIF's support, we will expand our loan portfolio, improve our digital lending processes, reach more customers and promote financial inclusion. This investment will strengthen our operations, create employment opportunities, support entrepreneurship and generate sustainable economic impact while ensuring responsible growth and high repayment standards.",SCALE,PENDING,2026,2026-07-15T22:21:33.229Z,2026-07-15T22:21:33.229Z,0
6a580192b471e06b3f4b055e,SANDRA OSE ULINFOH ,zionulinfoh30@gmail.com,09013940845,30,Resident,"Resident,Indigene,Business Based",ZEENATURE'S HOME LTD.,1930090,2018,https://www.zeenatures.com,"Certain ingredients in skin care products have been found to be detrimental to human health, some are carcinogenic, cause disruption of hormones, infertility, and a host of other health issues.

In August 2018, I was down with a breast crisis thought to be a result of the accumulated use of toxic chemical-based skincare products. In addition, I was also battling chronic acne that maimed my confidence and my dream of being a face model. I was stigmatised by my peers and became depressed. I tried several prescriptions which never worked but rather aggravated my skin condition.
In the quest to stay healthy and alive, I decided to go all natural, including my hair.

I started experimenting with natural ingredients in my kitchen, and found what eventually worked for my acne-prone skin, and that was how ZeeNature was born. Formulating clean beauty products free from harsh and toxic ingredients.

Generalised and a lack of user-specific skincare products result in trial and error that can cause skin damage.
Through our consultation channel and skin Ai, we offer user-specific skincare products that prevent skin damage in hyper-allergic and sensitive skin, which most brands can not adequately cater for, as over 80% of the total population in Africa experiences sensitive skin.

Using our unique line of products, customers do not have to worry if recommended products will work for them, tamper with their complexion, or cause irritations and reactions.

Our product model is lifestyle-influenced and integrated at every stage of our customers' lifecycle for adults and children.

Zeenature are high quality skincare products for inner health and beauty; produced from natural base ingredients home to the continent of Africa. These ingredients are mainly agricultural produce like tiger nut, walnut, carrot, cucumber, aloe vera, coconut, herbs, fruits, flowers, oils, dairy products, and more. Varieties of products are formulated to suit specific skin types and thoroughly treat skin problems like acne, sunburn, hyperpigmentation, stretch marks, eczema, and more.
our range of products includes; 
• Treatment soaps and creams
• Moisturizers
• Facial care such as toners, serums, facial masks, face creams, scrubs
• Body oils
• sunscreen and lip balm.",other,118,109,700000,6500000,40,2000,360000,"LINKS TO METRICS: ""Zeenature’S Home – VC4A"" https://vc4a.com/ventures/zeenatures-home/


""ZEENATURES HOME"" https://www.seedstars.com/community/entrepreneurs/programs/women-entrepreneurship-4-africa/eco-friendly/zeenatures-home/

MEDIA: The Tony Elumelu Foundation 

https://youtu.be/1qHkEJWgC_E?si=nQeRbUHSyzYa73Z8

TESTIMONIALS: www.instagram.com/zee_natures

Official Sponsor of Ministers of Nigeria 2024: https://www.instagram.com/reel/DBQ7nGbv-0C/?igsh=Mm9uZzM5b2sxeGEw",5,"1. Sandra Ulinfoh (Chief Executive Officer/ Founder)
Lead Formulator certified in advanced skincare formulations, Consultation, a pragmatic & versatile researcher and strategist. Leads overall company's vision. 

2. Susan Godwin-Enesi (Chief Marketing Officer)
Passionate towards gearing the brand to become an household name across African through her innovative ideas and marketing expertise.
This is evident through her innovative ideas and contribution in building a captivating marketing brochure that covers all operations of high profile  companies, lucid enough to get the audience and participation of its target audience.

3. Faith Eghosa Idahosa (Chief Technology Officer)

Use Social media and technology as a tool to effectively connect with our target audience.
a proactive digital marketer, online marketing strategist and a business developer.
She believes that as the world is going more digital, only businesses that adapt quickly and utilise the digital space will actually thrive and achieve business success, not leaving out the fact that the online market is the largest market with the number of internet users equivalent to the number of buyers.
She is the Chief Technology Officer (CTO) at ZeeNature and contributes immensely  to the growth of the brand using social media as a tool to connect with our target audience, build customers engagement, establish more loyal clients amongst others; she also utilises other digital channels, well tailored to help businesses achieve quality brand recognition and online success.",yes,"1. €10,000 Grant, from Women Entrepreneurship for Africa WE4A (2022)  

2. ₦250,000 Grant, from Leading Ladies Africa (2022)  

3. $5,000 Grant, from Tony Elumelu Foundation Entrepreneurship Programme (2019)",385000,3,"1. Regulatory License and the National Agency for Food and Drug Administration
(NAFDAC) Certification on all product formulas — 45% (₦4.5 million)

2. Marketing and Brand Growth — 20% (₦2million)


3. Working Capital (Raw Materials) — 15% (₦1.5million)

4. Machineries and Equipment — 15% (₦1.5million)

5. Team Expansion (Skilled Labour) — 5% (₦500,000)","12 MONTHS GROWTH TARGET

Q1
1. Employ an expert for strategic marketing (Advertising &
promotions) through online channels with a high conversion rate and increase sales by 50%

2. Acquiring the patents and licenses required to fully operate in Nigeria
include; National Agency for Food and Drug Administration
(NAFDAC) license, Standard Organisation of Nigeria (SON) and
Product Certification will promote the rapid distribution of our products to retailers within Nigeria and other countries.

Q2

3. Continue with meeting regulatory requirements for export purposes through cosmetic stability testing and natural cosmetic preservation to ensure our products meet international standards and pass regulatory tests.

4. Larger Factory space and standard equipment to upgrade from small-scale production and accommodate additional staff to speed up production and distribution of products.

Q3

5. Certification in advanced clinical skincare and organic spa services from BTI (Beauty Therapy Institute) to fully launch the offering of premium skincare services and increase revenue opportunities.

6. Expand the customer success manager (CSM) team to manage churn rate and reduce it to under 10% per quarter

7. Employ two field sales/marketing agents and 5× sales headcount and rapidly race towards distribution. 

8. Sign up 3 distributors in Abuja, Port Harcourt, and Ibadan.

Q4

9. Expand customer-facing teams like sales and skincare consultants to accommodate new customers and reduce sales ramp time by 50%

10. Expand into the Nigeria market and international by increasing the ad budget to target and reach Nigerians in diaspora and 10× revenue 

11. Launch Skincare Spa and Salon for sustainable revenue growth.",10,"MARKET OPPORTUNITY 
Cosmetics have become an indispensable part of the modern lifestyle. The growing need for external beauty and perfection has become the major driving force for market growth. Research studies conducted on the cosmetic industry highlight that the cosmetics market fared well even during the “Great Recession” of 2008. Though consumers tend to be more price-conscious during an economic downturn, they do not stop spending on beauty products, like we recorded during the Covid'19 pandemic lockdown.

Zeenature skincare products are premium, organic products that serve the middle and upper classes of the urban population. With a focused niche for hyper-allergic and sensitive skin.
Based on the latest United Nations estimates, the current population of Nigeria is about 199,053,808, and about 51.9% of the population is urban, which grows at an average annual growth rate of about 6.5%.
A large sector of its teeming population is young and places great value on looking good, and is usually between the ages of 15 and 39.

Population growth and urbanisation, as well as increased awareness about skincare, led to 11% increase in the Nigerian market size in 2015. Researches have shown that Nigeria will become the 14th largest skincare market in the world by 2050.


According to the Nigerian Bureau of Statistics, about 82 million of the urban population in Nigeria is between 18 and 39 years old. Assuming a penetration rate of 10% and a monthly average profit of 1,500 naira per customer, the size of our target market is 147.6 billion naira.

Skincare is expected to continue to pose strong growth over the forecast period. Factors like population growth and urbanisation, increasing incomes and rising number of women in the work force, smarter social media campaign for safe skincare products void of toxic chemicals,  increasing level of sophistication among  Nigerian youth, as web based advertisement campaigns have become more relevant because a growing number of people use the internet; leveraging on the growing penetration of internet and smart phones that play a pivotal role in promoting online retailing and rising demand for value added products due to the growing middle class will drive the growth of our brand to serve a promising and sustainable market share.

COMPETITIVE ADVANTAGE

• Fosters innovation by leveraging available raw materials in Africa to produce skincare products that suit local lifestyles and customs of the African population.  About 70 percent of the raw materials are locally sourced without having to import them; contributing to a high profit margin.

• It is safer and void of toxic ingredients.

• It has a higher value like inclusion of sun protection up to SPF 30 to protect skin from sunburn and skin cancer, anti-pollution and anti-aging properties; in addition to treating certain skin problems. An example is one of our best-selling products, ""The African Black Soap"" in Gel form, specially formulated as a treatment soap and also serves as a mosquito repellent. With 10× more value and is more affordable compared to other brands in the premium category. 

• Wide array of skincare products to solve specific needs that are not provided by our competitors

• Our products are customized & not generalised to suit the desire and provide specific solutions to users. A customised product is proven to attract more customers.

• A complicated distribution network is being experienced by most skincare brands and has led to imitation and production of counterfeit products that endanger the health of consumers. The distribution of our products is not complicated, as consumers get only original products by placing their orders directly from the company's website or from listed and licensed distributors within their location, and guarantee reliability.

• An increased number of health-conscious customers across the globe will lead to a larger part of the population shifting from chemical-based skincare products to pure natural skincare products of a strong brand.

• Through a wide range of digital initiatives and targeted online marketing, we can strengthen close relationships and direct communication with our consumers, follow up and get feedback on products purchased, which builds brand loyalty and product improvement and innovations.

• Products are available in different sizes that meet the purchasing power of low and average-earners.","
1. Job creation through direct employment of both Full-time and part-time employees. Also, through our affiliate marketing programme and field sales agent training, we are able to empower especially young women to become financially independent; which supports SDG 1 & 5

2. Social anxiety, loss of self-confidence and esteem, depression, and other psychological issues can arise when people suffer from unhealthy skin conditions.
Psychodermatologists have discovered that most patients with skin problems like acne, eczema, and psoriasis have attempted suicide. We provide lasting solutions to various skin issues like acne, psoriasis, eczema, stretch marks, and hyperpigmentation to improve self-esteem and confidence, and reduce the psychological impact caused by skin problems

3. About 10 Local farmers are patronised in our chain of production which contributes to curbing post-harvest wastage; as about 70% of the ingredients used in our skincare formulations are locally sourced.

4. Improve standard of living through safe consumption.
According to a study by the Herb Research Foundation, the skin absorbs up to 60% of the ingredients in skincare products. In which about 90% of these chemical ingredients have been found detrimental to human health. The Food and Drug Agency have been able to link some of these ingredients to be carcinogenic, cause disruption of hormones,  infertility and a host of other health issues.
Zeenature’s skincare products was born out of the need to reduce the chemical induced life of today and its negative effects, by formulating clean beauty products free from harsh and toxic ingredients.

5. SDG12 – Adopting practices that promote environmental care through our chain of production has helped minimize landfills, environmental pollution, and waste; while promoting awareness campaigns and rewards that influence our customers to adopt responsible consumption.

Ingredients used for production are biodegradable and packaging materials are recyclable.

In addition, creativity & innovation are fostered as by-products from production after the extraction process - shafts, residues, and shells are converted to organic manure and some serve as animal feeds.","Our vision is to be one of the top 10 leading organic skincare brands in the African market known for  providing  prestigious beauty experience and securing health with unique formulations of skincare products.

In the next five years, our products will be well established in the Nigerian market, become an house hold name across all the states in Nigeria and one of the most preferred premium organic skincare brand in West Africa.

Our target is to reach 100,000 customers and build a profitable export business with distributors across West, East and Southern Africa.

Continuous Innovative research will help launch newer lines of products and strong branding would be employed to strengthen the market position of our brand to reach other Africa countries.","ZeeNature is an innovative Edo youth-led venture with a high potential for growth and scalability with measurable impact, which can be traced in our track record to what began in my kitchen in 2018 with an initial startup capital of ₦9,000 and has been able to increase our gross profit from ₦180,000 to about ₦3.7 million.
However, due to the current inflation, operational costs have drastically increased, which has also affected our marketing budget to reach new customers. The boost that will be added to our working capital and purchasing more efficient equipment will enable us to increase our production capacity to meet the rising demand.
Also, increasing our visibility through aggressive digital marketing will help us reach a larger target audience, especially people with sensitive skin and those in need of the solutions we offer.

In addition to our track record, we have recorded sales from six (6) other countries, which include: Italy, France, Ghana, Russia, Spain, and the UK; with 99% positive feedback from customers using our products, and about 48% of our customers came through referrals.

In the last 2 years, we have been working to acquire all necessary documents and processes required in NAFDAC registration on all our 65 skincare formulas, which is capital-intensive; if we can break through this phase, it will enable us to race quickly towards distribution. This grant will help us achieve this to 10× our revenue and expand our market reach not just within Nigeria but to other countries from Edo State to the world.

Moreover, more jobs will be created and professional skills will be accessible to Edo indigenes through our Skincare and Spa academy that will spring up from the growth impact that our business will experience from the grant.

There is no doubt that this ₦10,000,000 funding will launch ZeeNature to the next level to harness its potential and contribute to economic transformation.",SCALE,PENDING,2026,2026-07-15T21:54:26.414Z,2026-07-15T21:54:26.414Z,0
6a57d61bb471e06b3f4b0468,Blackman Aigbiremolen,thecoachblackman@gmail.com,08165654698,35,Resident,"Resident,Indigene,Business Based",The Coach Blackman Academy LTD,RC 8544953,2025,https://thecoachblackman.com/academy,"We live in a knowledge economy where success increasingly depends on the ability to learn, adapt, and apply new information quickly. Yet, most people are taught what to learn, not how to learn.
As a result, millions of students, professionals, and lifelong learners struggle with slow reading, poor concentration, weak comprehension, low information retention, and difficulty applying what they learn. 
Many students work hard but still fall behind because learning takes longer than it should. Professionals find it difficult to keep up with the constant demand to learn new skills despite their busy work schedules. Many people lose confidence in their ability to learn simply because they have never been taught effective learning strategies.
Coach Blackman Academy is an Accelerated Learning and Educational Technology (EdTech) startup that helps transform people who struggle with reading and learning into confident, effective, and lifelong learners.
Through practical accelerated learning programs and digital learning tools, we help students, professionals, and lifelong learners read faster, improve comprehension and retention, strengthen focus and memory, and apply knowledge more effectively without sacrificing understanding.
Our flagship program, How to Read the Bible in 15 Days, has already validated our methodology by helping thousands of learners dramatically increase their reading speed while also improving comprehension and retention. 
We are now scaling this proven approach through technology so that many more people can develop the skills they need to learn, grow, and thrive.

",education,2554,213,1677377,20128530,37,1231,7882,https://drive.google.com/drive/folders/1t_5Lvd6YNGYFR0Ou3EnHrWvIemGVTcze,6,"Our current 6 team members are currently volunteer/part-time. The grant will convert them to paid staff.

Coach Blackman: Founder & Lead Coach
Leads the Academy's vision, develops training programs, delivers coaching, and drives strategic partnerships.

Daisy Blackman: Marketing & Growth Lead
Oversees marketing strategy, copywriting, paid ads, sales funnels, product launches, and customer acquisition.

Voke Laiyemoh: Creative Designer
Designs official brand assets, marketing materials, and promotional creatives.

Honest Omonfuegbe: Product & Technology Lead
Leads the design, development, and maintenance of the Academy's digital products, including websites, learning platforms, and web applications like The Bible Finisher and The Book Finisher. 

Christian Nobert: Video Editor
Edits educational, promotional, and advertising video content.

Blessing Chibuike: Community Support Assistant
Assists with community engagement, customer support, and responding to inquiries.
",no,,602214,21,"The ₦10 million grant will enable The Coach Blackman Academy to transition from a successful training-based business into a scalable accelerated learning platform by investing in technology, content development, market expansion, and the team needed to deliver our solution at scale. 

We have so far demonstrated our ability to build proven learning systems and technologies that help our customers achieve never-before-seen learning goals and objectives, even while operating lean.

Below is what the grant would enable us to do



Product & Technology Development: 3,500,000
Complete the development and launch of The Bible Finisher and The Book Finisher web and mobile applications, continuously improve it based on user feedback, and build a Learning Management System (LMS) that will host our accelerated learning courses, track learner progress, and deliver a better learning experience through improved features, analytics, and user experience.


Market Expansion & User Acquisition: 2,500,000
Expand our reach through targeted digital advertising, community campaigns, and strategic partnerships with churches, schools, universities, ministries, and organizations. Funding will also support referral and ambassador programs, learning workshops, conferences, webinars, and outreach activities to attract new learners and increase enrollment across our programs.


Content & Curriculum Development: 1,000,000

Develop new accelerated learning courses, convert existing training programs into digital formats, and produce high-quality video lessons, learning materials, assessments, and implementation guides to make our programs more accessible and scalable.


Team & Operations: 3,000,000

Covers partial-year salaries to transition current team members (volunteers) into paid staff. As revenue grows, we will recruit critical team members in video production, social media and community management, technology, operations, customer support, and partnerships. Funding will also provide ongoing training and professional development to equip our team with the technical, operational, and leadership skills needed to deliver high-quality learning experiences and support the Academy's growth.

Total
10,000,000

These investments will enable us to launch and scale our digital learning platform, expand our reach to more learners and institutions globally, strengthen our operational capacity, and build a sustainable foundation for long-term growth. ","Within 12 months of receiving the grant, Coach Blackman Academy aims to:

Launch the first production-ready version of The Bible Finisher web app and deploy a Learning Management System (LMS) to support digital learning at scale.

We intend to add 4648 new learners to our learning community through digital channels, strategic partnerships, and institutional outreach.

Increase annual revenue from approximately ₦20 million to ₦40 million by expanding enrollment in our flagship programs, launching new accelerated learning courses, and introducing digital learning products.

Digitize our flagship programs and develop at least five additional accelerated learning courses delivered through our LMS to serve a broader range of learners.

Establish partnerships with at least 30 churches, schools, ministries, and organizations to expand access to our programs.

Transition key volunteer positions into dedicated paid roles and recruit additional specialists in technology, content production, marketing, operations, and partnerships to support sustainable growth.

Strengthen our impact measurement systems to track learner engagement, completion rates, and learning outcomes across our programs and digital platforms.

To reach ₦40M, we plan to run 12 cohorts of 300 learners at an average price of ₦5000, plus take on 4 one-on-one trainings monthly at an average of ₦150,000 per person and sell digital products of ₦15,000 to 1000 persons across the year.",15,"Nigeria's education and digital learning market presents a significant opportunity, yet accelerated learning remains an underserved category. The country's core EdTech sector is projected to reach about $400 million (over ₦550 billion) in 2025, up from an estimated $270 to $300 million in 2024 (Source: Techpoint Africa, citing EdTechX market data, 2025/2026). 

The market continues to grow as internet access, smartphone adoption, and demand for lifelong learning increase across the country. By comparison, similar international accelerated learning and speed-reading programs, such as Mindvalley's Super Reading course, are priced between $49 and $349 (Source: Mindvalley/Learnopoly course pricing data, 2025). 

Despite this growth, there is a major gap in the market. Many learners can read, but struggle to read efficiently, understand deeply, retain information, and apply what they learn. Today, students, professionals, and lifelong learners spend money on tutoring, exam preparation, and professional courses that teach what to learn, but do little to address the underlying bottlenecks that slow learning, such as poor reading speed, weak comprehension, low retention, and difficulty maintaining focus.

While many learning providers focus on delivering content, The Coach Blackman Academy focuses on improving the learner. 

We teach practical accelerated learning skills that help people read faster, improve comprehension and retention, strengthen focus and memory, and apply knowledge more effectively.

Our methodology has already been used by over 2,500 learners and bringing in more than ₦20 million in revenue, achieved within our first year and without external funding. This demonstrates strong product-market fit and growing demand for practical accelerated learning solutions.

Our flagship program, How to Read the Bible in 15 Days, is priced at ₦5,000, making it significantly more affordable for the Nigerian market while addressing the same underlying learning gap.

Our competitive advantage lies in combining proprietary accelerated learning methodology supported by coaching, accountability, community, and technology to deliver measurable learning outcomes. Specifically, we differentiate ourselves through:

1- Outcome-focused programs with clear, measurable goals, such as How to Read the Bible in 15 Days, rather than generic reading or study skills courses.

2- Locally relevant and affordable solutions priced for the Nigerian market at a fraction of the cost of international alternatives, which typically cost $49 to $349.

3- A scalable technology strategy, including the development of Bible Finisher, and The Book Finisher, to make our methodology accessible to significantly more learners.

4- A validated digital distribution model, having already generated over ₦20 million through platforms like Selar, allows future investment to focus on technology, curriculum, content, and market expansion rather than proving demand.

By teaching people how to learn, rather than simply giving them more information, The Coach Blackman Academy is building a scalable education company positioned to improve learning outcomes for millions of students, professionals, and lifelong learners across Nigeria and beyond.","Coach Blackman Academy is helping people build one of the most important skills for success today: the ability to learn effectively. We believe that when people know how to learn better, they are more confident, can adapt more easily, solve problems, seize new opportunities, and create more value in their schools, workplaces, businesses, and communities.

Since launching, we have trained over 2,500 learners, showing that there is strong demand for practical accelerated learning solutions in Nigeria. By improving reading speed, comprehension, focus, memory, and knowledge retention, we help students to perform better in school, working professionals to learn new skills faster, and individuals to become more confident lifelong learners.

As we grow, our impact will go beyond training programs. We are developing digital learning tools that will make our methodology accessible to more people wherever they are. We also plan to launch initiatives like the Read with Coach Blackman Initiative, which will help transform children into confident readers and learners through guided learning, digital practice tools, and ongoing support from Learning Coaches.

We also want to contribute to Nigeria's education and digital economy by building locally developed learning technology, creating skilled jobs, and making quality learning more accessible. 

As we expand, we will create opportunities in technology, curriculum development, learning support, digital content production, marketing, and partnerships, while helping more Nigerians gain the skills they need to succeed in school, work, business, and life.

As an Edo-founded business, we are committed to creating opportunities within Edo State through employment, partnerships, and accessible learning programs that equip young people with practical skills to succeed. Our goal is to help build a more skilled workforce, stronger businesses, and long-term economic growth in Edo State and across Nigeria.","Over the next 3 to 5 years, we want Coach Blackman Academy to become one of Africa's leading accelerated learning companies, helping people learn faster, understand better, remember more, and apply knowledge with confidence.

We plan to build a learning ecosystem that combines practical training, accelerated learning courses, digital platforms, and innovative tech based learning tools. Our goal is to help over 50,000 learners develop the skills to learn more effectively throughout their lives.

We plan to have 50,000 paying subscribers on our speed reading app; The Bible Finisher.

We will achieve this by expanding our training programs, launching our Learning Management System, improving on our learning software applications such as The Bible Finisher, and building new digital tools that make our accelerated learning methodology more accessible and scalable.

We also plan to partner with schools, churches, companies, and other organizations to deliver seminars, workshops, and learning programs.

In addition, we will launch initiatives such as the Read with Coach Blackman Initiative, which will help children who struggle with reading develop stronger reading habits through guided learning and support from Learning Coaches. 

We also plan to develop accelerated learning programs such as Finish the Entire Secondary School Mathematics Curriculum in 12 Months, a structured program designed to help students master the complete secondary school mathematics curriculum in significantly less time while maintaining deep understanding.

Our long-term goal is to build a sustainable education company that transforms how people learn, creates meaningful jobs, and equips a new generation of confident, independent learners across Africa and beyond.","Coach Blackman Academy has already proven that there is a strong demand for practical accelerated learning solutions. Our unit economics are strong. We earn ₦7,882 per customer on average, compared to a customer acquisition cost of just ₦1,231, a 6.4:1 return. 

We also hold a healthy ₦12.9M cash reserve, giving us 21.4 months of runway. Because our revenue already covers our expenses, this reserve gives us room to invest the grant in growth rather than survival.  

We have already trained over 2,500 learners, generated over ₦20 million in revenue, and built a committed community, all with a small volunteer team and without external funding.

The Edo Youth Impact Forum investment will help us move from a successful training-based business to a scalable education technology company. We will use the funding to build our digital learning products, expand our reach, strengthen our team, and make our accelerated learning methodology accessible to many more people.

We are not just creating courses. We are helping people develop the lifelong skill of learning effectively. As we grow, we will create skilled jobs, build innovative, locally relevant learning technology, and equip students, working professionals, and lifelong learners in Edo State and in the country at large with the skills they need to succeed in their education, work, business and personal lives.

We believe EYIF's investment will accelerate a business that has already demonstrated traction, validated demand and has a clear plan to create lasting educational, economic and social impact.",SCALE,PENDING,2026,2026-07-15T18:48:59.215Z,2026-07-15T18:48:59.215Z,0
6a57cd8bb471e06b3f4b0430,Precious Aghedo,preciousaadm@gmail.com,08165205301,28,Resident,"Resident,Business Based",Zummey Logistics,7512237 ,2026,https://www.zummey.com/,"Micro, Small and Medium Enterprises (MSMEs) are the backbone of Nigeria's economy, with over 39.6 million MSMEs contributing significantly to employment and economic growth. 
In Edo State, the rapid growth of small businesses, social commerce, and online vendors has increased demand for affordable, reliable, and efficient last-mile logistics services.
The increase in fuel prices, from approximately ₦700 to over ₦1,700 per litre in the last 18 months, has driven average local delivery costs from about ₦1500 to as much as ₦4000 per trip. This leads to reduced profit margins, discourages customer purchases, and limits their ability to expand beyond their immediate communities.
As a result, over 40% of SMEs struggle to access affordable delivery, reach new customers, and compete effectively in the growing digital economy. This challenge is particularly pronounced for micro-enterprises, restaurants, pharmacies, grocery stores, and social media vendors that rely on timely and cost-effective delivery to sustain their businesses.
Zummey, a clean-tech decentralised logistics service based in Benin City, addresses this challenge by connecting businesses to customers using vehicles independent of inflation, that is, electric vehicles, and also an online tracking and matching platform. 
We offer a swift, insurance-backed, trackable delivery at a rate 30% less than traditional logistics. What this means for a local vendor on Sapele Road is a 1000 naira or a 1500 cutback, depending on the distance for every delivery. In the long run, the economic backbone of Edo State- local traders, small businesses, and vendors expand their customer base, fulfil orders more efficiently, improve customer satisfaction, and increase sales.
While we keep the trading activity alive in Edo State, we are covering the gap of youth employment by providing sustainable jobs: Vetted riders and internship opportunities in tech. We have increased the financial independence of 50 youth in Edo State and provided 2 paid internship opportunities in tech. By addressing one of the barriers to business growth and reducing unemployment amongst youth in Edo State, we are building a resilient and sustainable digital economy in Edo State. 
",logistics,311,36,480000,5800000,16,4200,45000,"
https://drive.google.com/file/d/16dcE1EBEhewrlhXkFslSbZHBkHTNMPdh/view?usp=sharing",17,"Aghedo Precious (Chief Executive Officer)
A certified Financial Analyst with over 8 years of experience managing SME portfolios valued at more than US$2 million. Precious leads Zummey's strategic direction, fundraising, financial management, business growth, and stakeholder engagement, ensuring the company's long-term sustainability and expansion.
Oluchi Odili (Chief Operating Officer)
A clean-tech entrepreneur with over 4 years of experience in operations management and logistics coordination. Oluchi oversees daily operations, rider management, service quality, strategic partnerships, and business development initiatives to expand Zummey's footprint across Nigeria and, ultimately, Sub-Saharan Africa.
Uwagboe Promise (Development Team Lead)
Leads the design, development, optimisation, and continuous improvement of Zummey's digital platform. Promise is responsible for platform architecture, system performance, product updates, and ensuring a secure, scalable, and user-friendly experience for customers and delivery partners.
Ayodele Ayodeji (AI & Machine Learning Engineer)
Leads the development and integration of AI-driven solutions that improve dispatch efficiency, route optimisation, demand forecasting, and real-time delivery tracking. His work enhances operational efficiency, reduces delivery times, and supports data-driven decision-making across the platform.
Daniel Oloruntoba (Accountant)
An accounting professional with 2 years of experience in financial planning, budgeting, forecasting, and regulatory compliance. Daniel manages financial reporting, cash flow, internal controls, and resource allocation to ensure sound financial management and accountability.
Gift Segun (Lead Customer Service Representative)
Oversees customer support operations, ensuring timely issue resolution, customer satisfaction, rider support, and merchant engagement. Gift plays a key role in maintaining service quality, customer retention, and continuous feedback for operational improvement.
Edeyaru Peace Gift (Project Manager)
A Computer Science graduate with experience managing digital product lifecycles and coordinating cross-functional teams. Peace oversees project planning, execution, stakeholder coordination, UX research, and product delivery, ensuring projects are completed on time and aligned with Zummey's strategic objectives.
",yes,"We raised $10,000 from the Bill and Melinda Gates Foundation ",390000,7,"The ₦10 million grant will be used to scale our operations, provide jobs, strengthen our logistics infrastructure, and expand affordable last-mile delivery services to underserved business communities across Edo State. 
1. Rider Recruitment & Workforce Development ₦3.5 million (35%)
We will recruit and onboard 200 additional delivery riders to meet our unmet existing demand. This budget will cover recruitment, onboarding, rider verification, training, uniforms, safety equipment, and initial operational support. The expansion will create direct employment opportunities for young people while enabling us to meet growing customer demand in Edo State and facilitate our strategy to expand and reduce delivery wait times.
2. Marketing & Customer Acquisition  ₦20 million (20%)
We will implement targeted online and offline marketing campaigns to increase awareness, onboard more SMEs, attract new individual users, and offer referral incentives. Activities will include digital advertising, community activations, merchant acquisition campaigns, referral programmes, and partnerships with local business associations.
3. EV Charging Infrastructure ₦ 4.5 million (45%)
To support the expansion of our electric bicycle fleet, we will establish two fully operational EV charging stations in strategic commercial hubs across Benin City. These stations will support increased delivery capacity while reducing operational costs and maintaining our commitment to environmentally sustainable logistics.
The charging stations will enable us to expand into high-density SME clusters such as Sapele Road, Ugbowo, Akpakpava, Oluku, and extend our services towards the Benin–Agbor Road corridor, where reliable and affordable delivery options remain limited. 
By investing in people, infrastructure, and customer acquisition simultaneously, the grant will enable Zummey to serve significantly more businesses, create sustainable employment, and build a scalable green logistics network across Edo State.
","We aim to achieve measurable business and social impact by expanding our operations and strengthening our market presence.
Our targets include:
Increase our active customer base from 311 to over 1000 businesses
Expand our rider network from 50 to 250 verified riders.
Establish operations in three major commercial clusters within Benin City and surrounding communities.
Increase monthly delivery volume by more than 300%.
Improve customer retention through faster delivery and more reliable service.
Grow monthly revenue by at least 45% through increased order volumes and merchant partnerships
Reduce average delivery turnaround time through improved rider coverage and route optimisation.
These milestones will help lay the foundation for expansion into other cities across South-South Nigeria.
",200,"39.6 million MSMEs in Nigeria account for the majority of businesses. Of this population, 70% rely on various online platforms and require an affordable and reliable logistics network to bridge the gap, with the total market size increasing from .35 billion to over 10.49 billion. 
In the South-South region, Edo State, the rapid growth of social commerce, online retail, restaurants, pharmacies, grocery stores, and other small businesses has resulted in an estimated 14% to 16% annual e-commerce growth. 
Our competitive advantage is mainly:
An online platform that simplifies real-time tracking of goods and booking, providing an inclusive digital system for local traders. 
Timely and predictable delivery rate
Competitive delivery rate, which is 30% cheaper than traditional logistics services.
Increased coverage for businesses due to the Artificial Intelligence routing system, so that customers in remote and hard-to-reach locations are well served. 
Businesses do not bear the brunt of losses from accidents under our insurance-backed scheme. 
Informed financial decisions before processing orders ensure transparency and predictable goods costs. 
With the use of technology and a deep understanding of SMEs' needs, we are building a solution in the south-south region and beyond that will expand businesses' financial outcomes, increase business coverage, and provide sustainable employment for youth. 
","Our solution is improving the livelihood of individuals in businesses and also increasing the sustainability of these businesses by enabling SMEs to serve more customers, increase sales, and remain competitive despite rising transportation and fuel costs.
For small businesses, delivery costs have become a major barrier to growth. High logistics expenses often force merchants to increase product prices, absorb delivery costs, or lose customers who abandon purchases because of expensive shipping. For example, a small food vendor that previously paid ₦2000–₦3,500 per delivery can fulfil the same order through Zummey at a significantly lower cost. 
Depending on the distance, such an order can be fulfilled within 1500 to 2000 naira. The savings allow the business to complete more orders each day, retain more customers through affordable delivery fees, and reinvest additional income into inventory, staff, and business expansion. 
The reduction in prices is mainly due to the use of infrastructure that is completely immune to fossil fuel price inflation. We are not just for businesses only; our solution provides a sustainable job opportunity for youth, both male and female, which has helped increase financial independence and skill development in youth ranging from 18 to 30 years of age.
 We aim to increase this number from 50 to 250, which will reduce social vices that stem from unemployment and increase economic opportunities for youth in Edo State. We believe in a system that is sustainable enough for progressive growth and predictable financial projections, which is the impact we aim for local businesses in Edo State and beyond. 
In the space of 2 years, our customers have saved 500 to 1 million naira annually on logistics costs and increased their customer base to remote locations such as Upper Sakpoba. This has enabled business owners to reinvest and hire more staff. With financial independence at the tips of 250 youth in Edo State and daily cutbacks from businesses in Edo State
","In the next three to five years, we envision a  Nigeria where ideas, products, businesses, and essential services move seamlessly through an affordable, technology-driven, and sustainable logistics network, regardless of location, and sustainable jobs are easily accessible. 

Our goal is to expand beyond Benin City into major commercial hubs across Edo State, such as Lagos and Ogun, building one of Nigeria's leading green last-mile logistics platforms, a solution that positions the South-South as a model for sustainable urban logistics in Nigeria.

 We aim to serve over 10,000 SMEs, establish a network of strategically located EV charging stations, and create more than 5,000 direct and indirect jobs for young people.
","Zummey represents the type of innovation EYIF seeks to support: an innovative, scalable business that addresses a real market challenge while delivering measurable economic and social impact.
Our solution enables SMEs to grow by removing one of their biggest operational barriers: the lack of affordable, reliable logistics. At the same time, we create employment opportunities for young people, promote environmentally sustainable transportation through electric mobility, and strengthen Edo State's digital economy.
With proven market demand, a scalable business model, and a clear expansion strategy, the ₦10 million grant will enable us to accelerate growth, create over 200 jobs, expand access to affordable and technology-enabled logistics for over 800 businesses in the next 4 years, and position Edo State as a leading example for sustainable urban mobility.
 We recognise that grant funding comes with a responsibility to demonstrate transparent and measurable impact. We are committed to providing EYIF with regular progress and financial reports tracked against clear milestones, ensuring funds are deployed exactly as outlined and sharing our growth journey. 
An investment from EYIF is not only an investment in Zummey but also in the growth of SMEs, youth employment, and a greener, more connected economy in Edo State. 
",SCALE,PENDING,2026,2026-07-15T18:12:27.172Z,2026-07-15T18:12:27.172Z,0
6a57c0a9b471e06b3f4b03ee,Blessing Idowu,blessings@chainpaye.com,09168103963,28,Resident,Resident,Chainpaye by Capita D'apps Bridge Limited,RC:8259118,2026,https://chainpaye.com/,"Africans travelling within Africa lose up to $3.75 billion annually to FX fees and broken cross-border rails that were never built for them.
Spending money outside of Nigeria is one of the most stressful things travelers/tourists have to face. A Nigerian travelling to Kenya still has to visit the black market bureau or carry physical Dollar before he can transact in Nairobi, not to mention the stress involved in getting a local bank account. Most payments made in African tourist countries are routed through Europe or the United States before settling locally. That is $5 billion being lost annually to non-African GDP 

60 percent of all tourism spending in Africa comes from Africans travelling within the continent. That is a $15 billion annual market where travelers lose up to 25 percent of every transaction to FX fees, middlemen, and broken payment rails.

Chainpaye solves all of this from WhatsApp without the need to download any app. Users deposit naira, stablecoin or USD convert at live rates, and send local currency to any bank account across 8 African countries in under 60 seconds.",fintech,158,80,50256005,251000000,15,0,0,https://drive.google.com/file/d/1FCRA5zQAlYpah6k3wFDrJj_yThjq3WmD/view?usp=sharing,6,"Josiah Dennis, Founder and CBO, brings business development, fintech operations, and distribution expertise. He led Capita D'apps Bridge Ltd from inception and has built partnerships across African payment corridors, with prior experience on the pioneer distribution team that launched PalmPay, Africa's fastest-growing fintech and number 2 overall on the Financial Times Africa 2025 list.

Blessing Idowu, Product Designer, leads product strategy and UX across Chainpaye's WhatsApp interface and web presence. 

Edidiong Benedict Jnr | COO , Community Growth Expert and Operations Officer, manages user onboarding, community building, and day-to-day operations.

Paul Kaka, Software Engineer, handles backend infrastructure and payment rail integrations.

Emmanuel Daniel leads marketing and social media growth, driving Chainpaye's community presence across X and LinkedIn

Israel Akintunde handles graphics design and brand identity across all Chainpaye touchpoints
",yes,We have raised 10m Naira from angel investors,279000,6,"The N10M grant will be deployed across Five areas:

1. Technology and Infrastructure: ₦2,977,274
Deepening our payment rail integrations by enabling deposits in Ghanaian Cedi (GHS), Rwandan Franc (RWF), South African Rand (ZAR), Kenyan Shilling (KES), Tanzanian Shilling (TZS), Malawian Kwacha (MWK), and Ugandan Shilling (UGX) to support seamless cross-border spending. ₦488,637
Cloud infrastructure and software subscriptions (6 months):
AWS – $250/month × 6 = $1,500
X Premium – $34/month × 6 = $204
Meta – $16/month × 6 = $96
Total: $1,800 ≈ ₦2,488,637


2. User Acquisition and Marketing: ₦1,500,000
Targeted digital campaigns focused on Nigerian travelers through travel influencer marketing, airport banners, tourist centers, and hotel partnerships. This includes content creation and influencer partnerships within the African travel and tech communities. ₦1,000,000
Community-led growth initiatives across WhatsApp and X, including referral campaigns and creator/writing campaigns. ₦500,000

3. Operations and Compliance: ₦2,000,000
KYC and KYB infrastructure upgrades, regulatory compliance across active corridors, and operational capacity improvements. ₦800,000
Hiring one additional Operations team member dedicated to user support and onboarding, plus one Full-Stack Developer to accelerate product development (₦200,000/month × 6 months). ₦1,200,000

4. Business Development and Partnerships: ₦2,522,726
Outreach and partnership development with Nigerian travel agencies, tour operators, and corporate clients requiring reliable cross-border payment infrastructure.
Participation in key fintech and travel industry events to build strategic distribution partnerships.

5. Miscellaneous and Contingency: ₦1,000,000
Reserved for unforeseen operational expenses, exchange rate fluctuations, regulatory requirements, and other strategic needs during the implementation period.","Users: Grow from 130 to 2,000 active users within 12 months, with a focus on Nigerian travelers, freelancers, and diaspora users as our primary acquisition cohorts. This will be achieved through targeted marketing campaigns on X and WhatsApp, advertising in travel and tourism WhatsApp channels, newspapers, magazines, and other relevant media, strategic partnerships with travel and tourism agencies, and physical advertising at major airports, hotels, and tourist centers across Nigeria, South Africa, Tanzania, Rwanda, Uganda, Malawi, and Ghana.

Transaction Volume: Process ₦3,000,000,000 (approximately US$2.17 million) in total transaction volume within 12 months, building on the US$170,000 (approximately ₦235 million) processed in our first two months.

Corridors: Expand from 9 active corridors to 12, adding 3 new African markets (Egypt, Morocco and Mauritius) with high intra-African travel demand. We will also introduce local currency deposit capabilities across all supported corridors to improve accessibility and reduce friction for users.

Revenue: Generate ₦50,000,000 in fee-based revenue within 12 months through transaction fees across all active corridors.

Partnerships: Secure 3 formal partnership agreements with Nigerian travel agencies (Wakanow, TravelStart Nigeria and Quantum travel) and corporate clients by the end of Q4 2026.",40,"Africa's travel and tourism sector generated $25 billion in revenue in 2025 and is projected to reach $36 billion by 2030. 60 percent of that spending comes from Africans travelling within the continent, creating a $15 billion intra-African travel payments market that existing infrastructure has never properly served.

Chainpaye's competitive advantage is twofold.

First, distribution. WhatsApp has over 50 million active users in Nigeria and over $3B active monthly user worldwide. Building inside WhatsApp means zero app download friction, instant familiarity, and access to a communication channel Nigerians already trust with their most important conversations. No competitor has built a fully functional cross-border payment product inside WhatsApp at this level.

Second, positioning. We are the only payment product in Nigeria targeting the African traveller specifically, owning a niche that competitors like Azza and Xara have not focused on.","Every naira that moves through Chainpaye instead of a black market bureau or an informal channel is a naira that stays traceable, taxable, and within the formal economy. That is not a small thing in a country where an estimated 40 percent of financial transactions still happen outside formal systems.

At scale, Chainpaye contributes to three outcomes that matter for Nigeria's economic future. Financial inclusion for Nigerians operating in the global economy but underserved by existing payment infrastructure. Reduced cost of cross-border transactions, which the World Bank estimates costs Sub-Saharan Africa $1.8 billion annually in excess fees. And foreign exchange inflows that are processed through legitimate, documented channels rather than the parallel market.

Our 130 plus users have collectively processed $170,000 in 2 months. At scale, that economic activity translates directly into documented foreign exchange receipts, reduced informal market dependency, and stronger financial data for Nigeria's payment ecosystem.

Socially it means Africans have more freedom to explore the planet and tour it also mean inceraesed economic growth for the continent as money stays and moves within the continent. 

Socially, Chainpaye empowers Africans to travel more freely across the continent by removing the barriers associated with cross-border payments. Economically, it strengthens intra-African commerce by keeping money moving within Africa, supporting local businesses, and driving sustainable economic growth.","In 3 to 5 years, Chainpaye becomes the default payment account for every African who moves money across borders, especially those that are travelling.

That means being present in every major African travel corridor, not just the 9 we operate in today. It means having formal partnerships with the biggest travel agencies, airlines, and hospitality brands on the continent, so that when a Nigerian books a flight to Accra, Chainpaye is the recommended way to handle money on that trip.

And it means Chainpaye becoming a full financial layer for African movement.","Because the problem Chainpaye is solving is Nigerian and the solution is Nigerian, but the scale of the opportunity is continental.

In 5 months with no paid acquisition, we processed $170,000 and built a product that works. We have active corridors, live infrastructure, angel backing, and a team that has already shipped one award-winning product before this one. We are not asking EYIF to fund an idea. We are asking EYIF to accelerate something that is already moving.

The N10M grant does not determine whether Chainpaye survives. It changes how fast we win. It takes us from 130 users to 2,000. From $170,000 processed to 3 billion naira. From a promising early-stage product to a global Fintech product genuinely changing lives

EYIF's mission is empowered youth and a transformed future. Chainpaye is built by young Nigerians, for Nigerians, solving a problem that costs this country billions of naira every year in excess fees and money that moves through channels it should not have to. 

Chainpaye is early to this race, we have an uncrowded but ready market, a solid product and a dedicated team, Investing in Chainpaye is investing in the financial infrastructure Africa’s current and next generation of travelers. It's like investing in Paycrest in 2016",SCALE,PENDING,2026,2026-07-15T17:17:29.902Z,2026-07-15T17:17:29.902Z,0
6a57bc31b471e06b3f4b03d8,Gerald Chijioke Obe,geraldchijioke@gmail.com,09012296990,35,Resident,"Resident,Business Based",TinaVis,,2025,https://bolt.eu/en-ng/cities/benin/,I wish to start Bolt as I am unemployed ,logistics,5000,500,150000,1800000,5,,,"I am in need of fund to buy the vehicle for the bolt. 
Toyota Corolla 06/07 Model ",1,"For now, I am to start alone. When I save up I will buy another one and give out to another person to drive for me.",no,,100000,50000,I will use the ₦10M to purchase a Toyota Corolla 06/07 Model and start the bolt.,"50,000",100,There always people that want to use the services of ride/driver ,I will create comfort to my customers and create opportunities for others as time goes on,To own 10 additional vehicles for the business.,EYIG should invest because I am certain I will make returns and help others within my reach as time goes on.,SCALE,PENDING,2026,2026-07-15T16:58:25.766Z,2026-07-15T16:58:25.767Z,0
6a57b1601522587c72d31f10,JUDE AFORKE ENOMATE,judeaforkeenomate@gmail.com,07062332469,33,Resident,"Resident,Business Based",Cloud Forge Academy Limited,9527697,2023,https://cloudforge-aje.com,"Problem Statement

Many aspiring young people are eager to gain digital and technology skills but are unable to access quality training due to limited resources. Our training center faces a shortage of computers, software, reliable internet, and other essential technology equipment for hands-on learning.

Our current learning space is also too small to accommodate the growing number of interested students, limiting enrollment and reducing the quality of practical instruction. In addition, unreliable electricity supply frequently disrupts training sessions, making it difficult to effectively use technology. A properly sized solar power system is needed to ensure uninterrupted learning.

Proposed Solution

Funding from this grant will enable us to purchase modern computers, networking equipment, software, projectors, and other essential training tools. We will also secure and equip a larger, well-structured training facility and install a reliable solar power system to provide consistent electricity.

These improvements will increase student enrollment, strengthen hands-on learning, improve training outcomes, and equip more young people with the digital skills needed for employment, entrepreneurship, and success in the digital economy.",education,20,8,280000,2200000,25,12498,80000,"Evidence of Traction

Despite operating with limited resources and infrastructure, our technology training center has demonstrated steady progress and growing demand for its programs. Over the past nine months, we have successfully graduated 10 students who completed hands-on technology training and are equipped with practical digital skills.

We currently have 8 students actively enrolled in our training programs, reflecting continued interest and confidence in the quality of our instruction.

To date, the business has generated approximately ₦2.2 million in revenue through student tuition payments, which are collected in scheduled batches throughout each training program rather than through monthly payments. This demonstrates the sustainability of our business model and the willingness of students to invest in our training.",11,"Key Team Members and Their Roles

Founder & Chief Executive Officer (CEO)
Leads the organization, oversees operations, develops the training curriculum, and provides technical instruction.

Lead Instructors
Deliver practical technology training and mentor students.

Teaching Assistants
Support instructors during practical sessions and assist students.

Center Head
Manages the day-to-day operations of the training center and supervises staff and student activities, also in charge of Social Media Management .

Finance & Accounts Officer
Handles budgeting, financial records, and tuition payments.

Technical Support Officer
Maintains computers, software, and other training equipment.

The organization currently has 11 staff members, including the Founder, working together to provide quality technology education.",no,N/A,200000,3,"Proposed Use of the ₦10 Million Grant

The ₦10 million grant will be used to strengthen our technology training center by investing in critical infrastructure and learning resources:

- Technology Equipment (₦3,500,000): Purchase desktop/laptop computers, networking equipment, projectors, software licenses, and other essential tools for practical training.
- Training Facility Expansion (₦2,700,000): Secure, renovate, and furnish a larger learning space that can accommodate more students and provide a conducive learning environment.
- Solar Power System (₦2,000,000): Install a reliable solar energy system with batteries and an inverter to ensure uninterrupted electricity for training sessions.
- Advertising & Marketing (₦800,000): Promote our training programs through digital marketing, community outreach, partnerships, and awareness campaigns to attract more students.
- Internet & Learning Resources (₦500,000): Upgrade internet connectivity and acquire additional learning materials and teaching resources.
- Monitoring & Operational Support (₦500,000): Cover project implementation, equipment installation, maintenance, and monitoring to ensure effective use of the grant.

This investment will enable us to increase student enrollment, improve the quality of practical training, provide reliable learning infrastructure, and equip more young people with job-ready digital skills.","12-Month Growth Target

Within 12 months of receiving the grant, we aim to:

- Increase student enrollment from 8 to at least 50 active students.
- Graduate 40–60 students, each completing our three-month technology training program and equipped with industry-relevant digital skills.
- Expand our training facility to accommodate more learners.
- Equip the center with modern technology and a reliable solar power system to ensure uninterrupted training.
- Increase revenue by at least 150% through higher student enrollment and expanded training programs.
- Build strategic partnerships with schools, organizations, and community groups to extend our reach and impact.

These milestones will position our training center as a leading provider of practical digital skills, creating more opportunities for employment and entrepreneurship among young people.",16,"Market Opportunity and Competitive Advantage

The demand for digital and technology skills continues to grow as more young people seek careers in software development, data analysis, cybersecurity, digital marketing, and other technology fields. However, many aspiring learners lack access to affordable, practical, and industry-focused training.

Our competitive advantage lies in our hands-on, project-based approach, experienced instructors, affordable training programs, and commitment to equipping students with job-ready skills for both local and international opportunities. With the expansion of our training facility, improved technology infrastructure, and reliable solar power, we will be able to train more students, deliver a higher-quality learning experience, and strengthen our position as a trusted technology training center within our community.","Social/Economic Impact

Our technology training center is committed to empowering young people with practical digital skills that improve employability, promote entrepreneurship, and reduce unemployment. By providing accessible, hands-on technology education, we equip students with job-ready skills for both local and international opportunities.

With the support of this grant, we will expand access to quality training, graduate more skilled professionals, create 10–15 new jobs within 12 months, and contribute to the growth of the local economy by developing a skilled workforce that can drive innovation and digital transformation.","Long-Term Vision (3–5 Years)

Over the next 3–5 years, we aim to become one of the leading technology training centers in Nigeria, recognized for delivering high-quality, industry-focused digital skills training. We plan to expand our facilities, increase student enrollment, establish multiple training centers, and build strategic partnerships with technology companies, educational institutions, and government agencies.

Our goal is to train over 1,000 young people, equip them with job-ready skills for both local and international opportunities, create sustainable employment, and empower graduates to become innovators, entrepreneurs, and contributors to the digital economy.","Why Should EYIF Invest in Our Startup?

EYIF's investment will empower a proven, impact-driven technology training center with a clear vision for developing Nigeria's digital workforce. Despite limited resources, we have successfully graduated 10 students, are currently training 8 students, and have generated approximately ₦2.2 million in revenue within nine months.

With EYIF's support, we will expand our training facility, acquire modern technology equipment, install a reliable solar power system, and increase access to high-quality digital skills training. This investment will enable us to train more young people, create 10–15 new jobs within 12 months, and equip graduates with job-ready skills for both local and international opportunities, creating lasting social and economic impact in our communities.",SCALE,PENDING,2026,2026-07-15T16:12:16.716Z,2026-07-15T16:12:16.716Z,0
6a5794291522587c72d31ea4,Ruth Vasco-Okoduwa,vasrut11@gmail.com,08140337581,35,Indigene,Indigene,Vasruth Catering and Beauty Homes,BN 2665060,2018,https://app.netlify.com/drop/luxury-bunny-0c35ce,"industrial machines and power 
due to the challenge of machines and electricity to power the machines and the refrigators to store the food items and to freeze items.
with industrials machines, the timeline for production would be reduced and more products would be produced to meet the increasing demands of customers while making new market entries",other,33600,2800,1500000,18000000,15,,,"Vasruth Catering and Beauty Homes is a professional catering, beauty, event management and vocational training company with over seven years of experience delivering quality services to individuals, corporate organizations and government institutions.
account name; vasruth catering and beauty homes
number; 6076066019
bank; fcmb
",10,"    Position:	                                   Name:
1. Managing Director/CEO	           Mrs. Ruth Vasco-Okoduwa
2. Secretary	                                   Atokhoure Ofure Thelma
3. Operations Officer	                   Ogbeifun Precious
4. Beauty & Events Coordinator	   Adeleke Victoria
5. Training & Production Officer	   Agu Chinese Rosemary
6. Treasurer	                                   Juliana Princess Okaka",no,,450000,6,"for the purchase of industrial baking machines and migrating into solar energy to minimize the cost of energy;
industrial oven, industrial cake mixer, deep freezer, solar energy 
Expansion; industralised machines as mentioned above would ensure mass production, less work time, meeting customer demands and making inroad to new market
power; currently the cost of running a diesel powered plant is huge because most equipment needs power to work and for storage","the target of each month is to have at least 15% growth both in customers base and revenue generation
currently the monthly revenue is 1.5m and with more products to meet the demands we are projecting an increase of 225000 which leads to 1725000
at the end of the year target is 20700000",15,"Operating out of the commercially vibrant Ramat Park axis on the Benin-Agbor Road, the business is perfectly
positioned to capture heavy consumer traffic from both residential neighborhoods and transit networks. 
Catering & Confectionery: Industrial scale outdoor event catering, corporate packages, premium
confectionery, and snack distribution lines.
Beauty & Styling: Advanced salon solutions, professional bridal makeup artistry, Gele tying, and
traditional attire designs.
Capacity Building: Monetized vocational masterclasses setup to process recurring, low-overhead student
enrollment intakes.","the business operates in a busy and commercially vibrant ramat park, a populated area and it helps in the employment of the youths as a policy of the company. With the youths gainfully employed, the vices are reduced, increase household income and boost economic activities, enhanced skills through training opportunities","over the long term, the company aims to expand its beauty and the catering services across Edo State and Nigeria, establish modern training and production facilities, maintain training and production facilities,through continous innovation, customer-focused service delivery and strategic partnerships, the company seeks to become a preferred destination for beauty solutions, catering services and skill development","Vasruth Catering and Beauty Homes is a professional catering, beauty, event management and vocational training company with over seven years of experience delivering quality services to individuals, corporate organisations and government institutions.
Vision
To become one of Nigeria's leading catering, beauty and event management companies.
Mission
To deliver exceptional catering, beauty and event services while empowering people through vocational skills training",SCALE,PENDING,2026,2026-07-15T14:07:37.123Z,2026-07-15T14:07:37.123Z,0
6a572e351522587c72d31d76,Ikponwosa Ben-Iyare,jointtask.ng@gmail.com,08051001206,28,Resident,"Resident,Indigene,Business Based",Relo Business,RC9476581,2026,https://relobusiness.com/,"Problem
1. Business owners keep losing money to staff theft because there's no automated way to monitor the business.
2. Staffs don't have access to easy loans, their salaries can barely do anything for them.
3. Businesses do not have access to capital to expand their business.

Solution
1. We help businesses keep track of their business.
2. We help staffs of big and small businesses access payday loans, device loans, car loans, etc.
3. We also give access to capital for small businesses to expand their businesses.",ecommerce,450,235,170000,9600000,15,3000,450000,https://drive.google.com/file/d/1y4gv_SPwYhm9OsgGrsikpOfK30USdjeV/view?usp=sharing,3,"Ikponwosa Ben-Iyare CEO/CTO
Tovia Edionwe - COO",no,,220000,12,"1. Develop pending new features – ₦3,000,000 
Build new AI CRM features
Enhance restaurant ordering
Improve security, performance, and reliability
Develop integrations with payment providers and messaging platforms

2. Sales & Customer Acquisition – ₦2,500,000 
Digital marketing campaigns
Sales team activities
Demo events and business outreach
Customer onboarding campaigns across 2 new cities

3. Expanded Cloud Infrastructure & Technology – ₦1,500,000 
Servers and hosting
Database infrastructure
Domain and software services
AI API and communication service costs

4. Finance New Businesses – ₦1,000,000
Business onboarding
Staff payday loans
Staff training
User support
Educational resources and documentation

5. Operations & Business Development – ₦2,000,000 
Hire 2 new marketers 
Strategic partnerships
Administrative expenses
Compliance and business operations
Travel for customer meetings and partner engagement


Total: ₦10,000,000",In the next 12 months we want to power 3000 businesses,3000,Our competitive advantage is that other startups only finance big companies but we finance big & small businesses and their staffs,We are making life easy for Nigerian workers and the business owners,To become the biggest financing company for workers in Nigeria,EYIF should invest in us because we are making dreams come true for the average Nigerian worker that can't afford the basic things of life.,SCALE,PENDING,2026,2026-07-15T06:52:37.814Z,2026-07-15T06:52:37.814Z,0
6a57124286215737e8cb47b7,Zuleah Yakubu,Queensheilayakubu@Gmail.com,08139902467,35,Resident,"Resident,Indigene,Business Based",Sheila Organics and cosmetics,3517194,2020,https://whatsapp.com/channel/0029VbD941B96H4arQaBS11U,"Many consumers struggle to access genuine, safe, and affordable beauty, cosmetics, and wellness products. Counterfeit products, inconsistent quality, and limited access to trusted brands often lead to poor customer experiences and health risks. Our startup addresses this challenge by providing authentic, high-quality beauty, cosmetics, and health products at competitive prices. We combine reliable sourcing, customer education, personalized support, and convenient online and offline sales channels to ensure customers can confidently purchase products that meet their beauty and wellness needs while promoting healthier lifestyles.",other,5000,1000,13000000,95000000,20,,,"Since launching, our business has experienced steady growth, resulting in the opening of a new branch to meet increasing customer demand. We have built a loyal and growing customer base through repeat purchases and referrals, established reliable supplier partnerships, and consistently expanded our product offerings. The successful expansion into a new location demonstrates strong market acceptance, operational capacity, and our readiness to scale further with additional investment.",8,"Yakubu Zuleah - Owner
Omorogbe Wisdom - Manager
Safer Monday - Rider
Precious - Personal Assistance
Loveth Osasenaga - Rep
Gift + rep
Blessing + Rep
Mummy Blessing - Cleaner",yes,"Covid19 loan 400,000",3000,12,"The ₦10 million grant will be used to scale our beauty, cosmetics, and health business by expanding inventory, improving product packaging and branding, strengthening digital marketing and e-commerce, acquiring essential equipment and storage facilities, and supporting working capital. A portion of the funds will also be used to recruit and train staff, improve customer service, and ensure compliance with relevant regulatory standards. This investment will increase our production and sales capacity, create jobs, expand our customer base, and position the business for sustainable long-term growth.",Am targeting increasing my monthly revenue to 30 million,20,"Where my competitors really on work in customers, I do both physical and online posting my products on all social platforms","As the business expands, we aim to empower young people through skills development, increase household incomes, and contribute to the growth of the local economy while promoting ethical and sustainable business practices.","Our long-term vision is to build a trusted and scalable business with a strong presence across Nigeria and, eventually, other African markets. We aim to become a leading brand in our industry by delivering consistent value, embracing innovation, creating sustainable jobs, and making a lasting positive impact on our communities through responsible business practices.","Here's a tailored response for a Beauty, Cosmetics, and Health startup:

> EYIF should invest in our startup because we are addressing the growing demand for safe, affordable, and high-quality beauty, cosmetics, and wellness products. Our business is focused on improving customers' confidence and well-being while creating employment opportunities, especially for young people and women. The investment will enable us to expand our product range, strengthen inventory, improve branding and digital marketing, and reach more customers across Nigeria. With EYIF's support, we can scale sustainably, increase revenue, create lasting economic impact, and build a trusted Nigerian beauty and wellness brand with regional growth potential.",SCALE,PENDING,2026,2026-07-15T04:53:22.934Z,2026-07-15T04:53:22.934Z,0
6a5681da7ad38d4ec85036c7,Aimienmwona Courage ,clemco400@gmail.com,08142246455,33,Indigene,Indigene,CMC FASHION HOME ,7893182,2021,https://www.wix.com,Teaching and creating Job opportunity through fashion designing ,creative,39,10,100000,1500000,150000,2000,50000,Referral makes me condense in what I do and services I render ,6,"Pattern drafters, tailor and facilitators",no,None ,80000,50000,"Get more equipment, and get more bigger space for fast work delivery and for also training more students to enable more employment in my fashion Academy.",Meet new audience and explore more opportunities ,15,Excellent job is my greatest competitive advantage ,Training and guidance ,"Becoming the leading fashion brand, know for good work all over Nigeria and beyond ",It will be an avenue to create employment for others in the society and also making work easier for others around me .,SCALE,PENDING,2026,2026-07-14T18:37:14.983Z,2026-07-14T18:37:14.983Z,0
6a564fac7ad38d4ec85035e5,Sadoh Joseph Oyiarekhua,jpsadoh@gmail.com,08146396916,30,Resident,"Resident,Indigene,Business Based",Techhand Solutions,8700730,2025,https://www.instagram.com/techhandsolutions?igsh=MWJhdmF4NXJrMTRoeQ==,"Problem.
Unreliable electricity and rising fuel costs force homes and businesses to depend on expensive generators, reducing productivity and increasing operating costs.

Solution 
TechHand Solutions delivers reliable solar and inverter systems that provide affordable, clean, and uninterrupted power while reducing energy costs and dependence on generators.",cleantech,12,2,300000,1000000,10,10000,100000,"https://www.instagram.com/techhandsolutions?igsh=MWJhdmF4NXJrMTRoeQ==

https://www.tiktok.com/@techhand_solutions?_r=1&_t=ZS-981pcWub8Mx",4,"Founder & Lead Engineer role; Solar system design, project management, client relations.
Solar panels Installation Technician role; panel Installation, wiring, testing, and maintenance.
Electrical Technician role; Electrical integration, troubleshooting, and quality assurance.
Operations & Customer Support Officer role ; Customer support, scheduling, procurement, and administration.",no,N/A,35000,12,"TechHand Solutions will use the #10 million grant to establish a shop and warehouse for solar equipment, purchase installation tools and maintain inventory of solar panels, inverters, lithium batteries, and accessories. The funding will also support hiring and training technical staff, expanding marketing and customer acquisition, improving logistics, and increasing working capital to deliver reliable clean energy solutions to more homes and businesses across Nigeria.","Increase annual revenue to 5 million, serve 50+ customers, establish a shop and warehouse, expand operations across Edo State, and build strategic partnerships.",10,"Nigeria's growing demand for reliable electricity creates a strong market for solar energy. TechHand Solutions stands out through quality installations, affordable solutions, excellent after-sales support, and customized energy systems.","We will improve access to reliable electricity, reduce dependence on fuel generators, lower carbon emissions, support small business productivity, and create employment opportunities for young technicians","To become a leading clean energy company in Nigeria, operating multiple branches, training skilled solar technicians, and delivering affordable solar solutions to over 1,000 homes and businesses.","TechHand Solutions is solving a critical energy challenge with a practical, scalable business model. EYIF's investment will enable us to expand our operations, create jobs, establish a shop and warehouse, and provide reliable, affordable clean energy to more communities while generating measurable economic and environmental impact.",SCALE,PENDING,2026,2026-07-14T15:03:08.299Z,2026-07-14T15:03:08.299Z,0
6a5635c77ad38d4ec8503567,ELEGBE SUNDAY OJO,elegbesunday@gmail.com,07065662848,35,Resident,"Resident,Indigene,Business Based",SUNNY J CLOTHIER ,3593233,2022,https://www.facebook.com/share/1HQyRNJNoh/,"Many individuals, schools, businesses, and organizations face challenges accessing reliable tailoring services that deliver high-quality garments on time. The industry is also constrained by limited production capacity, outdated equipment, and inadequate opportunities for youth skills development and employment.

SUNNY J CLOTHIER provides high-quality, timely, and customized garment production, including bespoke outfits, ready-to-wear apparel, uniforms, and corporate wear. By investing in modern industrial equipment and expanding production capacity, we will improve efficiency, meet increasing customer demand, create jobs, and provide practical fashion training for young people.",other,53,30,1000000,11000000,12,8000,250000,"Sunny J Clothier is Registered with the Corporate Affairs Commission (CAC).
Successfully served over 53 customers, including individuals, schools, and businesses.
Generates an average monthly revenue of ₦1,000,000 with annual revenue of approximately ₦11,000,000.
Growing base of repeat customers through referrals and quality service.
Portfolio of completed bespoke outfits, uniforms, and ready-to-wear garments.
Customer testimonials, completed project photographs, and business records available as supporting evidence.",12,"Elegbe Ojo Sunday, Founder/Chief Executive Officer (CEO)
Responsible for overall business strategy, operations management, financial oversight, partnerships, and driving the growth and sustainability of the business.

Sales & Customer Relations Lead
Responsible for customer acquisition, relationship management, sales growth, market engagement, and ensuring customer satisfaction and retention.

Operations Support Team (Planned Additional Roles)
Responsible for supporting production/service delivery, inventory management, logistics, and day-to-day operational efficiency as the business scales.",no,,850000,6,"The ₦10M grant will be used to scale business operations, increase production capacity, strengthen marketing and customer acquisition, improve operational efficiency, and create additional employment opportunities. The funds will support the purchase of necessary equipment, inventory/materials, workforce expansion, technology adoption, business development activities to drive sustainable growth and increase revenue, and Create training center to train young individuals.","Within the next 12 months, the business targets a significant increase in revenue through improved production capacity, stronger sales channels, and expanded customer acquisition efforts. The goal is to grow the customer base, increase repeat purchases, expand market reach into new locations, strengthen brand visibility, and build strategic partnerships. The business also aims to increase operational capacity, create additional employment opportunities, and achieve sustainable growth through improved systems and efficient service delivery.",5,"Sunny J Clothier operates in a growing market with increasing demand from customers seeking quality, reliable, and affordable products/services. There is a strong opportunity to capture a larger market share through improved capacity, wider distribution, and enhanced customer engagement.

Our competitive advantage lies in our understanding of customer needs, strong market relationships, commitment to quality, flexible service delivery, and ability to adapt quickly to changing market trends. With strategic investment from the grant, the business will scale operations, reach more customers, strengthen its brand position, and compete more effectively within the market.","Sunny J Clothier contributes to economic growth by creating employment opportunities, supporting local suppliers, and providing quality products/services that meet customer needs. The ₦10M grant will enable business expansion, create 5 additional jobs, improve income opportunities, strengthen local value chains, and increase access to reliable products/services within the target market. Through sustainable growth, the business will continue to contribute to community development and economic empowerment.","Within the next 3–5 years, the business aims to become a recognized and leading brand within its industry, with expanded market presence, increased revenue, and a strong customer base. The vision is to scale operations across multiple locations, create more employment opportunities, build strategic partnerships, adopt improved technology and systems, and establish a sustainable business model that delivers long-term economic value and impact.","EYIF should invest in our startup because we have a scalable business model, a clear growth strategy, and proven market demand. The ₦10 million grant will accelerate expansion, increase revenue, create 5 new jobs, and strengthen our capacity to serve more customers. With a committed team, strong operational foundation, and focus on sustainability, this investment will generate measurable economic impact while positioning the business for long-term growth and success.",SCALE,PENDING,2026,2026-07-14T13:12:39.029Z,2026-07-14T13:12:39.030Z,0
6a556e171d5d30fa99da242d,Oghenovo Gbakeji,gbakejioghenovo@gmail.com,09039338432,26,Resident,"Resident,Business Based",ArtisticGiant Domain and Stores,BN7801040,2024,https://www.tiktok.com/@artisticgiant?_r=1&_t=ZN-980fm0WZt3O,"ArtisticGiant Domain and Stores exists to solve one of the biggest challenges facing artists and creative entrepreneurs in Nigeria: limited access to quality art materials, affordable creative services, practical artistic training, and market opportunities.

Many emerging artists, students, schools, businesses, and institutions struggle to source genuine art materials locally and often rely on fragmented suppliers with inconsistent pricing and quality. At the same time, many talented creatives lack opportunities to develop commercially viable skills or earn sustainable incomes from their talent.

ArtisticGiant Domain and Stores provides an integrated creative ecosystem that combines the retail of quality art materials with professional creative services including paintings, portrait commissions, murals, graphic design, branding, printing, face painting, creative workshops, and practical art education. Through this model, we make creativity more accessible while creating economic opportunities for young artists and delivering value to individuals, schools, corporate organizations, and communities.

Our long-term goal is to become one of Nigeria's leading creative hubs where artists can learn, create, access quality supplies, and build sustainable careers.",other,800,50,200000,2472757,18,2000,96000,"Since its establishment in 2024, ArtisticGiant Domain and Stores has consistently demonstrated market demand and sustainable business growth.

Key indicators of traction include:

• Successfully served over 800 customers across retail sales, commissioned artworks, murals, graphic design, printing, face painting, and creative services.

• Maintains an average of 50 active customers each month, with a growing base of repeat clients driven largely by referrals and customer satisfaction.

• Generated ₦2,472,757.20 in revenue over the last 12 months, with a current average monthly revenue of approximately ₦200,000.

• Operates as a CAC-registered business, demonstrating formal business structure and readiness for investment.

• Built multiple revenue streams, reducing reliance on a single source of income and improving business resilience.

• Successfully completed commissioned projects for schools, businesses, private individuals, churches, and events, including children's face painting, portrait commissions, branding projects, murals, and art supply sales.

• Developed an active online presence through social media platforms, where the business showcases completed projects, customer engagements, and creative work.

Supporting evidence available includes customer testimonials, project photographs and videos, invoices, receipts, social media pages, CAC registration documents, business records, and financial statements. Additional evidence can be provided during the due diligence process.",6,"Oghenovo Gbakeji – Founder & Creative Director
Provides the overall strategic direction of the business, leads product and service development, oversees client relationships, manages creative projects, and drives innovation across the brand.

Great Onyemaechi Joseph – Head of Operations & Management
Coordinates daily business operations, supervises project execution, manages workflow, ensures quality control, and improves operational efficiency.

Onokerhoraye G. Osunde – Business Strategist
Leads business development, strategic planning, partnership development, market expansion initiatives, and long-term growth planning.

Onorhonoghene Oghenemarho Gbakeji – Business Administrator
Oversees financial records, documentation, compliance, inventory administration, procurement support, and internal business processes.

Ibimiefake Bennett Tamuno-Omie – Social Media & Digital Communications Manager
Manages the company's digital presence, develops content, engages online communities, executes digital marketing campaigns, and supports customer acquisition.

Okeoghene Gbakeji – Sales & Marketing Officer
Leads customer outreach, identifies new business opportunities, manages sales activities, develops institutional partnerships, and supports revenue growth.",no,,70000,11,"The ₦10 million Scale Track grant will enable ArtisticGiant Domain and Stores to transition from a growing creative enterprise into a scalable creative ecosystem serving Edo State and beyond.

The proposed allocation is:

• ₦3,000,000 – Establish a larger creative retail and studio space with improved inventory capacity and customer experience.

• ₦2,000,000 – Procure quality art materials, printing equipment, creative tools, and production assets to increase operational capacity.

• ₦1,500,000 – Build our digital commerce platform, inventory management system, and online ordering capabilities to reach customers nationwide.

• ₦1,500,000 – Marketing, branding, digital advertising, partnerships, exhibitions, and customer acquisition campaigns.

• ₦1,200,000 – Recruit and train creative staff including artists, sales personnel, operations support, and customer service representatives.

• ₦500,000 – Develop structured creative training programmes, workshops, and community outreach initiatives for young creatives.

• ₦300,000 – Working capital, logistics, compliance, and operational contingencies.

This investment will significantly increase our production capacity, improve customer experience, strengthen our digital presence, expand our market reach, and position the business for sustainable long-term growth.","Within 12 months of receiving the EYIF Scale Track investment, ArtisticGiant Domain and Stores aims to achieve the following milestones:

• Increase annual revenue from approximately ₦2.47 million to over ₦8 million through expanded operations, improved production capacity, and stronger market penetration.

• Grow the customer base from 800+ to more than 2,000 customers, while increasing monthly active customers from 50 to at least 200.

• Establish a fully equipped creative retail and production hub in Edo State capable of serving individuals, educational institutions, businesses, and corporate organizations.

• Launch a functional e-commerce platform to enable customers across Nigeria to purchase art materials and book creative services online.

• Expand inventory to include a wider range of professional art materials and creative products, improving customer satisfaction and reducing stock shortages.

• Recruit and train 10–15 additional employees, creating sustainable jobs in creative production, retail, sales, digital marketing, customer service, and administration.

• Form strategic partnerships with schools, universities, NGOs, government agencies, and private organizations to expand training programmes and commissioned projects.

• Train and mentor at least 300 aspiring artists and young creatives through workshops, internships, and entrepreneurship-focused creative programmes.

• Strengthen brand visibility through digital marketing, exhibitions, and community engagement, positioning ArtisticGiant Domain and Stores as one of the leading creative enterprises in Edo State.",15,"Nigeria's creative economy continues to experience significant growth, driven by increasing demand for personalized artwork, branding services, interior décor, educational art supplies, creative experiences, and digital design solutions. Edo State is home to thousands of students, schools, businesses, churches, event planners, and institutions that require creative products and services but often lack access to a reliable, one-stop provider.

ArtisticGiant Domain and Stores differentiates itself by combining creative retail, professional art services, practical training, and community development under one brand. Unlike businesses that specialize in only one aspect of the industry, we provide an integrated solution that increases customer retention, creates multiple revenue streams, and builds long-term relationships with clients.","Our mission extends beyond selling art products. We create opportunities for young people to develop creative skills that can generate sustainable income. Through workshops, mentorship, internships, and practical training, we help nurture the next generation of artists and creative entrepreneurs.

As we grow, we will create employment opportunities for artists, designers, sales professionals, marketers, and operations staff while supporting local suppliers and contributing to the growth of Edo State's creative economy.","Within the next five years, ArtisticGiant Domain and Stores aims to become one of the leading creative enterprises in South-South Nigeria.

Our vision includes establishing a flagship creative hub that combines an art materials store, gallery, training academy, production studio, and digital commerce platform. We also plan to expand into multiple locations, serve customers nationwide through e-commerce, build strategic partnerships with educational institutions and corporate organizations, and empower hundreds of young creatives with practical skills and entrepreneurial opportunities.

Ultimately, we want ArtisticGiant to become the preferred destination where creativity meets business, innovation, and community impact.","ArtisticGiant Domain and Stores has moved beyond the idea stage. We have built a functioning business with paying customers, multiple revenue streams, a registered company, and a clear growth strategy. We have demonstrated resilience by growing through disciplined execution while continuously reinvesting in the business.

An investment from the Edo Youth Impact Forum would not simply support one entrepreneur—it would strengthen a platform that empowers artists, creates jobs, supports education, and contributes to the creative economy of Edo State.

We are prepared to scale responsibly, measure our impact, and ensure that every naira invested translates into measurable economic and social value. We believe ArtisticGiant has the potential to become one of the success stories that demonstrates how the creative industry can drive employment, innovation, and sustainable development in Edo State.",SCALE,PENDING,2026,2026-07-13T23:00:39.854Z,2026-07-13T23:00:39.854Z,0
6a55372951b2dece4367d233,Bukar Baba Sheriff,babasheriffb@gmail.com,09160184999,20,Business Based,Business Based,Bbs Agro & livestock,9305254,2026,https://bbsagrolivestock.online,"Problem & Solution

Livestock farmers in Nigeria face major challenges, including the high cost of animal feed, disease outbreaks, high livestock mortality, limited access to quality breeds and veterinary support, and difficulty accessing reliable markets. These problems reduce farmers’ productivity, increase operating costs, cause financial losses, and make livestock products more expensive for consumers.

BBS Agro Livestock is addressing these challenges through sustainable livestock production and practical support for farmers. We focus on raising healthy livestock using improved farming practices, better feeding and animal-health management, while building reliable market connections for livestock and related products. Our goal is to reduce losses, improve productivity, strengthen food security, and create sustainable income and employment opportunities for farmers and young people.

Industry/Sector: Agriculture / Livestock Farming / Agribusiness",agriculture,30,20,500000,5000000,20,20000,50000,"BBS Agro Livestock is an operating livestock farming business with practical experience in livestock production and customer service. Evidence of our traction includes records of livestock sales, customer transactions, farm activities, photographs and videos of operations, customer testimonials, receipts, and other available business records. These materials can be provided for verification where required.",3,"Founder/Chief Executive Officer – Responsible for overall business strategy, farm management, business development, partnerships, and growth.
Farm Operations Personnel – Responsible for feeding, animal care, sanitation, monitoring livestock health, and maintaining daily farm operations.
Sales and Customer Relations – Responsible for customer engagement, sales, order coordination, and market development.",no,,200000,100000,"The ₦10 million grant will be strategically invested in expanding BBS Agro Livestock’s production capacity and improving operational efficiency. The proposed allocation is:
₦3,000,000 – Expansion and improvement of livestock housing and farm infrastructure.
₦2,500,000 – Purchase of livestock and expansion of production capacity.
₦1,500,000 – Animal feed and improved feeding systems.
₦1,000,000 – Animal health, veterinary services, biosecurity, and disease prevention.
₦800,000 – Equipment, water systems, storage, and other operational infrastructure.
₦700,000 – Marketing, customer acquisition, distribution, and market expansion.
₦500,000 – Staff recruitment, training, administration, and monitoring.
Total: ₦10,000,000.","Within 12 months of receiving the grant, BBS Agro Livestock aims to significantly increase livestock production capacity, expand its customer base, improve revenue, strengthen animal-health management, and enter additional markets. Our target is to increase production and sales by at least 100%, build a stronger base of repeat customers, reduce preventable livestock losses, and establish a more efficient and scalable livestock farming operation.",10,"Nigeria has a large and growing demand for livestock and animal products, driven by population growth, urbanisation, and increasing food consumption. However, local livestock production continues to face challenges related to high production costs, disease, inadequate infrastructure, and inefficient market access.
BBS Agro Livestock’s competitive advantage is our practical operating experience, understanding of local farming challenges, commitment to improved livestock management, and focus on building a scalable business that connects production with market demand. With additional funding, we can increase efficiency, improve livestock survival and productivity, and serve more customers.","BBS Agro Livestock contributes to food security, local economic development, and job creation. By expanding livestock production, the business will increase the availability of locally produced food, create employment opportunities for young people, support agricultural value chains, and generate income within local communities. Our growth will also create opportunities for suppliers, transporters, traders, veterinary service providers, and other participants in the agricultural ecosystem.","Our long-term vision is to build BBS Agro Livestock into a recognised and scalable livestock agribusiness serving multiple markets in Nigeria. Over the next three to five years, we aim to expand our production capacity, develop stronger distribution networks, adopt improved agricultural technologies, create more employment opportunities, and become a trusted supplier of quality livestock and related products. We also aim to contribute meaningfully to Nigeria’s food security and agricultural development.","EYIF should invest in BBS Agro Livestock because we are addressing real and urgent challenges within Nigeria’s agricultural sector. We are already operating and have practical knowledge of the challenges livestock farmers face. The ₦10 million grant would help us move from our current level of operation to a larger, more efficient, and sustainable business.
The investment will not only support the growth of one business; it will contribute to increased food production, job creation, youth participation in agriculture, stronger local agricultural value chains, and improved economic opportunities. BBS Agro Livestock has the potential to create measurable social and economic impact, and with EYIF’s support, we can scale our operations and build a sustainable agribusiness that benefits farmers, customers, young people, and the wider community.",SCALE,PENDING,2026,2026-07-13T19:06:17.561Z,2026-07-13T19:06:17.561Z,0
6a54f29f47c6caaca8766b35,ifebunso chhioma loveth,ifebunsochioma@gmail.com,09034361659,25,Resident,Resident,pandora ifes global limited,9587109,2026,https://andoma.app,"Andoma is an application that tend to solve the problem with student looking for genuine product to buy and sell with easy access to this product through a marketplace in the app. it also creates little opportunity for students to run delivery within the university. Andoma is not only restricted to universities in Nigeria but also local vendors out university for easy connection and larger audience.
Andoma is a brand under the parent company pandora ifes global limited",creative,50000,3000,250,2,1000,250000,1000000,no link yet ,5,"CEO; providing ideas and checking and balancing 
Software developer; developing the software for months and making sure of it updates and availability on iOS and android  
Brand developer; dealing with branding and designing the face of the app
marketers; advertisements physically and across social media platforms 
social media influencers; promoting and enlightening the public and target audience                                                                                                                                                          
corporate personnel",no,non,800,800,"the 10 million grants will be used to build the software, provide for the necessary staffs involved, advertisements in various universities, continuous upgrade in iOS and android, transportation  ","we aim to target large number of students and nothing less than 8 universities registered, actively using the application daily. ",1000,Andoma into the market is going to be a friendly and flexible opportunity because it creates opportunity for everyone to continue their trade from their comfort zone.  ,"Socially, it promotes student entrepreneurship, improves access to essential goods, fosters sustainable communities, encourages local economic growth, it brings healthy and encouraging spirit to be useful in the society for vendors and buyers who don't know how to go about the large market looking for customers.it keeps the youth working hard.

Economically it income opportunities for students as delivery riders, campus agents, vendors and service providers. reduced cost of living, support for local businesses, digital economy development, long term economic contribution   ","Andoma will expand in 3 to 5 years into a full delivery company from port to port in various states in Nigeria and subsequently, a permanent port in every airport in Nigeria. Andoma will expand to give franchise to operate these various ports across Nigeria. ","the EYIF should invest in Andoma because it aligns strongly with youth empowerment, innovation, entrepreneurship, and economic development, reduce youth unemployment there by creating opportunities in e-commerce, campus delivery, digital marketing, freelancing, and other services. Andoma enables students to earn before graduation. on the long run it will develop future business leaders, strengthens the local economy.",SCALE,PENDING,2026,2026-07-13T14:13:51.776Z,2026-07-13T14:13:51.776Z,0
6a549070de91a51f8fe7f820,Ezra Bisola Aro-Modiu,ezraaro12@gmail.com,08143429081,26,Resident,"Resident,Indigene",Baobab Export Solutions Limited ,1640132,2019,https://www.lentocbaobab.com/,"The Problem
When I launched this venture, I realized we were facing two distinct, major challenges in the market:
• The Awareness Gap & Low Market Demand: The baobab fruit is an absolute powerhouse of nutrition and skincare benefits, but the general public simply didn't know it. When we operated under a traditional business-to-business (B2B) model, we struggled to generate pull-through demand because consumers weren't actively looking for baobab products on standard retail shelves.
• The Economic & Skills Gap for Women: In communities like mine in Ebonyi State, there is a massive, untapped potential of women who lack access to structured manufacturing skills, sustainable micro-enterprise opportunities, and premium health products that truly care for their well-being.
The Solution
To solve these problems, I completely re-engineered our business model from the ground up:
• A Community-Driven MLM Model: Instead of waiting for retail customers to discover us, I shifted our commercial framework to a Multi-Level Marketing (MLM) structure. By doing this, we don't just sell products; we build a network of passionate health and business enthusiasts. They act as educated advocates, raising public awareness through direct relationships and grassroots education, which effectively drives product demand and rewards our community financially.
• A Premium, Diversified Product Line: We transform raw baobab into high-value, market-ready consumer goods under the Lentoc brand. We handle the technical commercial food processing (creating nutrient-dense food formulations) and cosmetics manufacturing (creating premium skincare) to capture both the wellness and beauty markets.
• Empowerment Through Initiatives Like ""Healthy Women, Beautiful Ebonyi"": We directly bridge the skills gap by using our manufacturing processes as a tool for social impact. Through targeted training and empowerment programs, we equip local women with the exact skills needed to produce and distribute these products, turning them into self-reliant micro-entrepreneurs.
• Uncompromising Quality & Compliance: To give our network and consumers absolute confidence, we ensure every product is backed by rigorous operational standards. We are actively locking down our standard operating procedures (SOPs) and securing strict regulatory compliance through NAFDAC to guarantee that what we produce is safe, premium, and globally competitive.",agriculture,1000,50,1000000,20000000,11,,,https://youtu.be/OsZZuhkQcOg?si=d3Qk491qVO3ZHj3E,5,"1. Founder & Managing Director (You)
• Strategic Vision: Sets the company’s long-term scaling strategy, product roadmap (such as expanding the Lentoc and Lentoc Treats product lines), and international export expansion plans.
• Business Model Oversight: Directs the growth of the Multi-level Marketing (MLM) structure, building and maintaining the distributor network and health enthusiast community.
• Financial & Stakeholder Management: Manages high-level capital allocation, financial compliance, partnerships, and relations with foundations or external grant bodies.
Core Management Team
2. Production Manager
• Manufacturing Workflow: Oversees the daily processing, standard operating procedures (SOPs), and quality control of all raw materials and finished goods.
• Regulatory Compliance: Directs the technical documentation and quality standards required for NAFDAC product registrations and international compliance frameworks like ISO 22000.
• Inventory & Logistics: Monitors raw material sourcing, manages production schedules, and coordinates closely with operations to prevent supply chain bottlenecks.
3. Director of Beauty & Cosmetics
• Product Formulation & Care: Spearheads the research, development, and quality assurance of all cosmetic and skincare products derived from natural ingredients like baobab.
• Market Alignment: Tracks beauty industry trends to create high-demand cosmetic lines that appeal to both retail consumers and the MLM distributor network.
• Brand Presentation: Ensures compliance with cosmetic safety standards while collaborating on product messaging and educational training for beauty distributors.
4. Operations Manager
• Daily Flow & Administration: Manages day-to-day office routines, administrative workflows, and internal communications between the core management team and field staff.
• Distribution & Order Fulfillment: Coordinates the logistics of receiving orders, managing warehouse stock levels, and ensuring products successfully reach MLM centers or direct customers.
• Financial Administration: Handles routine financial tracking, micro-expenses, utility payments, and acts as the bridge between day-to-day spending and high-level accounting.
Field & Technical Support
5. Ad-Hoc Staff (2 Positions)
• Flexible Operational Support: Deployed on an as-needed basis to assist with manual packaging, raw material sorting, and physical inventory handling during peak manufacturing cycles.
• Event & Field Activation: Assists with the setup and execution of community skills training programs, local product activations, and distributor empowerment workshops.",no,,250000,18,"1. Regulatory Compliance & Quality Assurance (20% – ₦2,000,000)
Securing formal certifications unlocks massive trust for an MLM network and opens the doors for international trade.
• NAFDAC Product Registration: Finalize outstanding compliance paperwork and pay licensing fees for your food and cosmetic product lines to ensure complete legal retail status.
• ISO 22000 Certification: Invest in food safety management consulting, strict hazard audits, and administrative implementation to elevate your production facility to international export standards.
2. Production Scaling & Facility Upgrade (30% – ₦3,000,000)
To feed an expanding network of distributors, your production must move away from manual bottlenecks.
• Equipment Acquisition: Purchase semi-automated processing machinery (e.g., commercial milling, dehydrating, and high-efficiency sealing machines) to stabilize product shelf-life and volume.
• Raw Material Bulk Sourcing: Lock in bulk purchases of raw baobab fruit and cosmetic bases during peak harvest seasons to dramatically lower your unit production cost.
3. MLM Infrastructure & Technology (20% – ₦2,000,000)
An MLM model lives and dies by its tracking software and distributor motivation.
• Custom MLM Software: Deploy or upgrade a robust, secure software platform to seamlessly handle distributor downlines, commission tracking, point allocations, and e-commerce payouts.
• Starter Kits & Marketing Collateral: Produce professional, high-converting distributor onboarding kits, product catalogs, and promotional literature to give your network the tools they need to sell effectively.
4. Market Activation & Network Expansion (15% – ₦1,500,000)
Growing a community of health enthusiasts requires physical touchpoints and grassroots empowerment.
• Community Empowerment Workshops: Fund community-based skills training and regional empowerment programs (like targeting women's cooperatives) to act as both social impact initiatives and direct distributor recruitment funnels.
• Distributor Incentives & Events: Host a major launch or recognition event, offering high-achiever bonuses or operational rewards to build momentum and loyalty within the network.
5. Operational Working Capital & Contingency (15% – ₦1,500,000)
A business cannot run smoothly if it is constantly starved for daily cash flow.
• Team Retention: Secure a dedicated salary cushion for your core team (Production, Cosmetics, Operations) to keep execution flawless over the next critical 6 months.
• Logistics & Distribution Safety Net: Cover initial fulfillment friction costs, warehouse rent adjustments, and utility buffers so that unexpected bills never stall manufacturing.","Q1: The Launch & Foundation Phase (Months 1–3)
Focus: Deploying tech, recruiting the foundational tier, and driving initial product adoption.
• Active Distributors (Founding Tier): 50 active distributors. Focus heavily on high-energy health enthusiasts, fitness coaches, and community leaders.
• Monthly Product Volume: 250 to 300 units of Baobab powder moved monthly (via distributor starter kits and their immediate personal retail sales).
• Retention Target: 80% distributor survival rate in the first 90 days by providing high-quality onboarding ""Business-in-a-Box"" starter kits.
• Tech Milestone: Successful deployment of the custom MLM commission tracking portal and mobile-friendly distributor back-office.
Q2: Network Multiplication Phase (Months 4–6)
Focus: Incentivizing downline recruitment, increasing batch production, and accumulating capital.
• Active Distributors: 200+ distributors. This relies on your founding tier recruiting at least 2 to 3 downlines each using structured binary/unilevel incentives.
• Monthly Product Volume: 800 to 1,000 units moved monthly.
• Financial Safety Net: Channel a fixed 15% of all bulk order revenue directly into a dedicated ""Regulatory & Compliance Fund"" to prepare for the certification runway.
• Operational Goal: Shift from manual packaging to semi-automated sealing/milling to handle the increased volume safely.
Q3: Regional Expansion & Pre-Audit Phase (Months 7–9)
Focus: Branching into new regional clusters (e.g., executing community empowerment workshops) and standardizing production.
• Active Distributors: 600+ distributors spanning multiple regional hubs.
• Monthly Product Volume: 2,500+ units moved monthly. At this stage, automated recurring monthly autoships (distributors buying their personal monthly stock) should drive baseline sales.
• Compliance Milestone: Production Manager enforces strict facility mock-audits and gap analysis based on NAFDAC and ISO 22000 checklists using Q2/Q3 accumulated revenue.
Q4: The Enterprise Scale Phase (Months 10–12)
Focus: High-volume market dominance, cross-selling new lines, and final formal certifications.
• Active Distributors: 1,500+ active distributors nationwide.
• Monthly Product Volume: 5,000+ units moved monthly.
• Product Diversification: Cross-sell your upcoming Beauty & Cosmetics line directly to the established, trusting distributor base built over the year.
• Final Milestone: Submission and formal auditing for NAFDAC and ISO 22000 certifications, funded entirely by your self-sustaining MLM cash flow machine.",1500,"1. The Market Opportunity
• The Global Superfood Boom: The global baobab ingredient market size is valued at over $6 billion, growing rapidly at a compound annual growth rate (CAGR) of around 7%. Consumers are actively shifting away from synthetic vitamins toward plant-based, whole-food alternatives.
• The Preventative Health Shift: Locally and regionally, there is a massive surge in demand for affordable immune boosters, gut-health solutions, and natural energy supplements.
• Underutilized Local Resource: While Africa holds the natural monopoly on baobab trees, the local retail market remains largely underserved due to a historical lack of standardized, high-quality processing and commercialization.
2. Your Competitive Advantage
• The MLM Distribution Edge: Standard retail brands struggle with baobab because it requires consumer education—people need to be told how to use it. Your Multi-Level Marketing model bypasses cold supermarket shelves entirely. You deploy an army of passionate, incentivized distributors who educate buyers face-to-face, driving explosive word-of-mouth sales.
• Built-in Cost Advantages: By operating Baobab Export Solutions Limited directly out of Nigeria, you source raw material at its origin, avoiding the heavy import duties, shipping costs, and foreign exchange volatility that inflate the prices of foreign wellness supplements.
• Unrivaled Product Versatility: Unlike single-use supplements, your powder is a cross-industry chameleon. It serves as a direct-to-consumer nutritional supplement, an additive for healthy baking (like your Lentoc Treats line), and eventually, the baseline active ingredient to feed your upcoming beauty and cosmetics line.
• Social & Regional Impact: Your sourcing pipeline relies on local harvesting networks, and your recruitment utilizes community empowerment workshops like your ""Healthy Women, Beautiful Ebonyi"" initiative. This creates an authentic, socially responsible ""clean-label"" brand story that naturally attracts grants, foundation backing (such as the Jerry Eze Foundation), and fierce customer loyalty.","1. Economic Impact & Local Wealth Creation
• Empowering Grassroots Entrepreneurs: By pivoting to a Multi-level Marketing framework, the company actively converts everyday health enthusiasts into independent micro-entrepreneurs. This provides them with a self-sustaining retail business and an independent revenue stream.
• Sourcing Raw Materials at Origin: By commercializing the baobab fruit locally, the business injects capital directly into rural harvesting communities, providing reliable income to farmers and foragers who supply the raw materials.
• Job Creation and Professional Growth: The expansion of the corporate framework directly creates full-time internal roles across manufacturing, logistics, and management, lifting local talent into specialized positions like production and operations management.
2. Social Impact & Community Development
• Women's Empowerment Initiatives: Through targeted community proposals like the ""Healthy Women, Beautiful Ebonyi"" initiative, the company intentionally delivers structured micro-enterprise skills and training to regional women's cooperatives.
• Promoting Preventative Health & Wellness: Distributing highly nutritious baobab-based powders and Lentoc Treats addresses local dietary gaps, bringing natural, prebiotic-rich immune support and wellness education directly into homes.
• Sustainable Regional Value Addition: Rather than exporting raw agricultural wealth out of Africa, processing the superfood entirely within the Ohaozara Local Government Area ensures that the economic multiplier effect stays within the community, building local capacity and pride.","Years 3–4: Pan-African Expansion & Certified Market Entry
• Regulatory Milestone Validation: Leveraging the established cash flow from the MLM network to finalize international food safety standards, fully deploying the ISO 22000 framework and comprehensive NAFDAC product registrations across all lines.
• Full Product Line Diversification: Maximizing the value of the baobab fruit by officially launching and scaling the high-margin Beauty & Cosmetics division, cross-selling natural skincare products directly to the mature network of health enthusiasts.
• Regional Hub Scaling: Replicating the success of community training initiatives across multiple states in Nigeria, scaling the direct-to-distributor MLM infrastructure beyond regional borders into neighboring West African markets.
Year 5: Global Export Dominance & Social Impact Scaling
• International Supply Chain Interlocking: Establishing Baobab Export Solutions Limited as a primary global exporter of premium, certified African superfoods, servicing retail partners and MLM branches in European and North American wellness markets.
• Industrial Processing Hub: Transitioning the manufacturing setup in the Ohaozara Local Government Area into a fully automated, eco-friendly industrial processing facility, dramatically increasing daily volume capacities while sustaining zero-waste production.
• Generational Community Wealth: Deepening institutional partnerships with major foundation networks to scale grassroots micro-enterprise structures, securing guaranteed, fair-trade income for thousands of rural harvesting families and elevating thousands of independent network entrepreneurs into full financial independence.","Direct Alignment with EYIF’s Economic Mandate
• Massive Job Creation Pipeline: EYIF aims to build viable enterprises that create meaningful livelihoods. Within the next 12 months, our scaling model will create 14 to 17 direct corporate roles in production, quality control, logistics, and administration while sustaining hundreds of local agricultural harvesting jobs at the source.
• Unlocking Grassroots Micro-Entrepreneurship: Through our Multi-Level Marketing (MLM) framework, we turn the grant capital into a self-multiplying machine. We project empowering over 1,500 independent entrepreneurs nationwide in Year 1 alone—predominantly women and youth—by providing them with ""Business-in-a-Box"" starter kits and independent revenue streams.
Proven Market Traction & Commercial Viability
• Addressing a Multi-Billion Dollar Opportunity: We are commercializing the African Baobab fruit—a global superfood market valued at over $6 billion and growing at 7% annually.
• High-Margin, Resilient Business Model: By bypassing cold supermarket shelves and utilizing direct face-to-face network marketing, our distributors actively educate the market, generating rapid velocity. Operating directly out of Nigeria means we source raw materials at origin, protecting our margins from the heavy foreign exchange volatility that crushes importers.
• Diversified Product Ecosystem: We are leading with our highly versatile Baobab fruit powder (targeting the wellness and fitness sectors) and seamlessly building the infrastructure to cross-sell our upcoming natural Beauty & Cosmetics line to the same established distributor network.
Measurable Social & Regional Impact
• Empowerment of Vulnerable Demographics: Our core recruitment strategy relies on community skills training initiatives like our ""Healthy Women, Beautiful Ebonyi"" proposal. We intentionally deliver economic self-reliance directly to regional cooperatives.
• Preventative Health and Wellness: By bringing natural, prebiotic-rich, and Vitamin C-packed superfoods like Lentoc Treats into everyday homes, we actively combat local nutritional deficiencies through commercial enterprise.
The Scale Track ROI
A ₦10 million Scale Track grant will not sit idle. It provides the precise injection needed to eliminate our current operational bottlenecks simultaneously: deploying robust, mobile-friendly MLM network software to scale our distributor base, upgrading to semi-automated production machinery to meet demand, and standardizing our workflows to secure formal NAFDAC and international ISO 22000 certifications.
We have the product validation, the team, and the operational blueprint—we just need the strategic fuel from EYIF to scale it.",SCALE,PENDING,2026,2026-07-13T07:14:56.180Z,2026-07-13T07:14:56.180Z,0
6a542ec31fa221e41f65785f,Glory Okojie ,gloryomookojie@gmail.com,09076585846,25,Resident,"Resident,Indigene,Business Based",GLOWIE FASHION AND DESIGN ,3645358,2022,https://www.instagram.com/glowie_fashion_,"Limited access to quality fashion products and practical vocational training has contributed to unemployment and reduced opportunities for many young people in Edo State, while consumers often depend on clothing imported from other states and countries. Glowie Fashion and Design addresses these challenges by producing high-quality, locally made bespoke and ready-to-wear garments, reducing reliance on imported clothing. Through our fashion training programs, we equip young people with practical tailoring, pattern drafting, and garment construction skills, creating employment opportunities, empowering aspiring entrepreneurs, and contributing to the growth of the local fashion industry and economy.",creative,1500,25,1200000,14400000,25,1000,1000000,"Glowie Fashion and Design has built a growing customer base through the consistent delivery of high-quality bespoke and ready-to-wear garments. We have successfully trained and mentored fashion designers through our training program, equipping them with practical industry skills for employment and entrepreneurship. Our business continues to record repeat patronage, referrals, and positive customer testimonials, with an active social media presence showcasing our work, client transformations, and brand impact. Instagram: https://www.instagram.com/glowie_fashion_",8,"Founder & Creative Director – Business strategy and creative direction.

Production Manager – Oversees production and quality control.

Operations/Admin Officer – Manages daily operations and administration.

Pattern Maker/Cutter – Pattern drafting and fabric cutting.

Three Tailors – Garment production and alterations.

Quality Control Assistant – Finishing, packaging, and quality checks.",no,,450000,2,"The grant will be used to expand Glowie Fashion and Design into a fully equipped fashion training institute with student accommodation, a kitchen, and modern learning facilities to support trainees from across Nigeria. We will invest in industrial sewing equipment, hire specialized tutors and additional management staff, strengthen our production capacity, and expand our ready-to-wear line. Part of the funding will also be allocated to marketing through digital advertising, a social media manager, and strategic outdoor advertising, including a billboard, to increase brand visibility and reach.","Increase monthly revenue by at least 70%, expand our customer base, launch the fashion training institute with accommodation, train over 100 aspiring fashion designers, create more employment opportunities, strengthen our ready-to-wear production, and establish Glowie Fashion and Design as one of Edo State’s leading fashion brands and training centers.",20,"Nigeria’s fashion industry continues to grow, creating increasing demand for quality bespoke garments, ready-to-wear clothing, and practical fashion education. Glowie Fashion and Design combines premium garment production with hands-on skills training, creating both economic value and employment opportunities. Our focus on local production, practical learning, innovation, and youth empowerment positions us as a unique fashion brand that delivers both quality products and lasting social impact.","Glowie Fashion and Design creates employment, empowers young people with practical fashion skills, and promotes locally made garments. Through our training programs, we have equipped aspiring fashion designers with skills that enable them to secure employment or start their own businesses. By expanding our operations, we will create more jobs, reduce unemployment, strengthen local garment production, and provide more young people with productive alternatives to social vices through vocational training.","Our vision is to establish Glowie Fashion and Design as one of Nigeria’s leading fashion training institutes and garment production hubs, with modern training facilities, student accommodation, and specialized tutors. We aim to train thousands of young people, expand our ready-to-wear brand nationwide, create sustainable employment, and position Edo State as a center for fashion innovation and entrepreneurship.","EYIF should invest in Glowie Fashion and Design because we have consistently demonstrated growth, resilience, and measurable impact. I started the business in 2022 as a 300-level student at the University of Benin, operating from a small shop on campus while training fellow students in fashion. Many of those trainees have gone on to establish their own fashion businesses and are now training others. After graduation, I expanded into a fashion school and production center at Ekenwan Road, and later established a larger fashion house on Airport Road. This steady growth reflects my commitment, discipline, and ability to build a sustainable business. An investment from EYIF will enable us to scale our impact by creating more jobs, expanding access to quality vocational training, and empowering more young people with employable skills, contributing to economic growth and reducing unemployment in Edo State.",SCALE,PENDING,2026,2026-07-13T00:18:11.510Z,2026-07-13T00:18:11.510Z,0
6a54048c4c5cb26939b546e0,Oikelemen Cyril Ayode ,officialayomi@yahoo.com,07065633053,31,Resident,"Resident,Indigene,Business Based",Ayomis Eccentric Tailors ,7261881,2023,https://sites.google.com/view/ayomi-fashion,"Many individuals and professionals in Edo State struggle to access quality bespoke tailoring and reliable laundry services that are affordable, timely, and customer-focused. Our business solves this by providing premium custom-made clothing, garment repairs, and professional laundry services with pickup and delivery. We combine craftsmanship, convenience, and excellent customer service to save clients time while helping them look their best.",other,250,70,100000,1200000,15,2000,35000,"We have built a growing customer base through referrals, repeat customers, and social media marketing. Our tailoring and laundry businesses serve individuals, families, and small organizations. Customer retention continues to increase because of quality workmanship, timely delivery, and dependable service.",5,"Cyril Ayode – Founder & CEO (Business Development, Tailoring Operations)
Tailoring Assistant – Garment Production & Finishing
Laundry Staff – Laundry Operations, Pickup & Delivery",no,,300000,3,"3.5 million – Purchase industrial tailoring and laundry equipment.
₦2 million – Working capital for fabrics, detergents, packaging, and supplies.
₦1.5 million – Hire and train additional staff.
₦1 million – Delivery motorcycle and logistics.
₦1 million – Marketing and digital branding.
₦1 million – Expand workshop, utilities, and business technology.","Increase revenue to over ₦20 million annually, serve more than 1,000 customers, create a stronger online presence, expand pickup and delivery services across Benin City, and establish partnerships with schools, hotels, and corporate organizations.",20,"The demand for quality tailoring and professional laundry services continues to grow due to increasing urbanization and busy lifestyles. Our competitive advantage lies in offering both tailoring and laundry under one trusted brand, providing quality craftsmanship, fast turnaround time, convenient pickup and delivery, affordable pricing, and excellent customer service.","The business will create employment opportunities for youths, train apprentices in tailoring and garment production, support local suppliers, improve household incomes, and contribute to the economic growth of Edo State.","To become one of the leading fashion and garment care brands in South-South Nigeria, operating multiple branches, training hundreds of young people with employable skills, and creating sustainable employment while delivering exceptional services","Ayomi is solving everyday problems with practical and scalable solutions in fashion and garment care. We have demonstrated commitment, growing customer demand, and a clear expansion strategy. The grant will enable us to create jobs, increase productivity, strengthen local enterprise, and make a measurable economic impact in Edo State.",SCALE,PENDING,2026,2026-07-12T21:18:04.186Z,2026-07-12T21:18:04.186Z,0
6a5356916229de362d5a7fd5,Idahosa Nosa,nosalucky20@gmail.com,08163968122,34,Indigene,Indigene,Nosa Digital world,8136445,2014,https://share.google/ZstNiO4BIPvHY3202,"Problem Statement:
Many individuals and small businesses struggle to access affordable, high-quality digital and creative services that help them build their brands and grow their businesses.
Solution
Nosa Digital World provides affordable digital solutions including graphic design, branding, printing, photography, event branding, and digital marketing. We help businesses and individuals improve their visibility, attract customers, and grow through creative and professional services.",creative,5000,100,1500000,20000000,5,200000,100000,"Nosa Digital World has successfully served over 1,000 customers through its digital and creative services. The business has built a growing customer base through referrals, repeat clients, and consistent service delivery. We have generated steady monthly revenue, maintained a strong online presence, and continue to expand our reach through strategic partnerships and customer satisfaction.",15,"1.Nosa Idahosa: Founder/Lead Designer
overall business strategy, client acquisition, and overseeing high-level creative direction
Operations Manager/Technical: 2.Promise 3.Lucky 4.joy Victor. 
daily service operations, technical repair workflows, and quality assurance.
Graphic design: 5.Praise 6.John 7.Osas 8. Favour
Creating cohesive visual assets, including logos, flyers, and social media banners that clearly communicate a brand’s core message and value to customer 
Photo Studio Mangers
9.Nosa boy 10. Orobosa 11. Efosa 12 Osas Idahosa 
Overseeing professional studio photography sessions, which includes managing lighting, composition, and professional studio layouts to ensure high-quality visual outputs.
Photo/Video Editor:
13.osakpolor 14.Mike 15.osas James
Collaborates to produce promotional video and photo content designed to enhance brand visibility and engagement for commercial enterprises.",yes,"1 million naira 
Chidinma for his father Burial ",150000,100000,"The ₦10 million grant will be used to expand Nosa Digital World's capacity and improve service delivery. We will invest in modern computers, professional cameras, lighting equipment, printers, and licensed design software to enhance the quality and speed of our services. Part of the funding will be used to establish a fully equipped creative studio, recruit and train young professionals in digital and creative skills, strengthen our online presence through marketing, and provide working capital for business operations. This investment will enable us to serve more clients, create sustainable employment opportunities for young people, and contribute to the growth of Nigeria's digital and creative economy.","Within the next 12 months, we aim to increase our customer base by 50%, grow our annual revenue by at least 60%, expand our range of digital and creative services, establish a fully equipped creative studio, create at least five new jobs, and serve over 2,000 customers while strengthening our presence across Edo State and neighboring markets.",10,"Nosa Digital World stands out by offering a wide range of creative services under one brand, including graphic design, branding, printing, photography, and digital marketing. We focus on high-quality work, affordable pricing, fast turnaround times, excellent customer service, and customized solutions. Our use of modern technology, skilled professionals, and strong client relationships enables us to build customer loyalty and compete effectively in the market.","Nosa Digital World empowers youths through job creation and digital skills development while helping businesses grow through affordable creative solutions. This increases income, supports entrepreneurship, and contributes to the growth of the local economy.","Over the next 3–5 years, Nosa Digital World aims to become one of the leading digital and creative service companies in Edo State and across Nigeria. We plan to establish a fully equipped creative hub that provides graphic design, branding, photography, videography, printing, digital marketing, and digital skills training. Our goal is to serve over 10,000 customers, create at least 30 direct jobs, and train hundreds of young people in marketable digital skills. We also plan to expand our services to multiple locations, adopt new technologies, and build strategic partnerships that strengthen the creative industry while supporting entrepreneurship and economic growth.","EYIF should invest in Nosa Digital World because we have a proven business model, a growing customer base, and a clear plan to scale. The investment will enable us to expand our services, create jobs, empower young people with digital skills, and support the growth of small businesses, delivering both financial sustainability and lasting social impact.",SCALE,PENDING,2026,2026-07-12T08:55:45.755Z,2026-07-12T08:55:45.755Z,0
6a534512fe99d2f22c9cf4e5,Peter Nnachor,peter.nnachor@gritinai.com,08164280619,26,Resident,"Resident,Indigene,Business Based",GritinAI, 7179736,2023,https://www.gritinai.com,"African businesses, educational institutions, and government agencies face three interconnected challenges: limited AI adoption, fragmented data systems, and a shortage of industry-ready AI talent. Existing software is often expensive, poorly adapted to local realities, and lacks implementation support. GritinAI solves this by combining AI workforce development, enterprise digitization, and locally built AI software into one platform. Through products including Ubá, Rapid, AutoML, OmniLi, and our Training Hub, we help organizations adopt AI, automate operations, build internal technical capacity, and improve productivity using affordable, locally deployable solutions.",education,500,20,400000,3000000,20,50000,1199999,"https://www.gritinai.com
• https://training.gritinai.com
• https://rapid.gritinai.com
• Curriculum adopted by TVET Board
• Partnerships with University of Benin, Wellspring University, GDG Benin, Gombe State Government, and other institutions
• 1,600+ trained learners, 93% programme completion rate, 74% employment placement
• Enterprise deployments including Smart School Management System, HR Recommendation Engine, OCR for medical prescriptions, and Automated Attendance Matching System",11,"CEO (AI Strategy, Product & Partnerships)
AI Engineers – AI model development and software engineering
Product & Operations Lead – Delivery and customer success
Community & Training Lead – Workforce development and partnerships",no,N/A,150000,5,"The grant will accelerate commercialization of GritinAI's AI infrastructure platform through:

• 35% (₦3.5M): Product engineering for Ubá, Rapid, AutoML, and OmniLi, including AI model improvements and cloud infrastructure.

• 20% (₦2M): Hiring software engineers, AI researchers, and customer success staff.

• 20% (₦2M): Market expansion across Edo State and other Nigerian states through enterprise sales, partnerships, and onboarding.

• 15% (₦1.5M): AI training programmes and implementation support for SMEs, educational institutions, and government agencies.

• 10% (₦1M): Monitoring, evaluation, legal compliance, and operational capacity.","• Train 3,500+ AI professionals.

• Deploy AI solutions to 100 SMEs and institutions.

• Reach 5,000+ active platform users.

• Launch commercial subscriptions for Ubá and AutoML.

• Increase annual recurring revenue by more than 300%.

• Expand operations into at least three additional Nigerian states.",29,"Africa's AI adoption is accelerating, but implementation capacity remains limited. GritinAI uniquely combines AI software, enterprise digitization, workforce development, and local implementation into a single platform. Unlike traditional training providers or software vendors, we train AI professionals using real client projects, deploy locally built AI solutions, and provide ongoing implementation support. This integrated model creates stronger customer retention, recurring revenue, and measurable economic impact.","GritinAI is expanding access to AI opportunities for youth, SMEs, educational institutions, and public-sector organizations. Our work improves employability, supports business productivity, strengthens local innovation ecosystems, and helps organizations adopt responsible AI while creating sustainable, high-value jobs in Nigeria.","GritinAI aims to become Africa's leading AI implementation platform, serving over 10,000 AI professionals, 5,000 enterprise customers, and multiple governments through enterprise AI software, workforce development, and digital infrastructure solutions. We envision powering responsible AI adoption across education, healthcare, finance, logistics, manufacturing, and public services while building one of Africa's strongest AI innovation ecosystems.","GritinAI has demonstrated that world-class AI innovation can be built in Edo State. In just three years, we have trained over 1,600 professionals, achieved a 93% completion rate and 74% employment placement, secured government curriculum adoption, delivered enterprise AI solutions without external institutional funding, and been featured by GIZ, selected from the whole of Africa to present our AI Made in Africa paper from thousands of applications. The ₦10 million EYIF grant would accelerate a proven model with strong commercial potential, create high-quality jobs, strengthen Edo's technology ecosystem, and position the state as a national leader in AI-driven innovation. We are building not just AI products, but the infrastructure and talent ecosystem that will power Africa's digital economy.",SCALE,PENDING,2026,2026-07-12T07:41:06.925Z,2026-07-12T07:41:06.925Z,0
6a532d981e9c190569c2c499,Orikhi Christian ,orikhichristian@gmail.com,08133367342,34,Resident,"Resident,Business Based",ChrixEric telecoms ,7446656,2023,http://www.chrixerictelecoms.com,"I have a small shop in which I have a computer training school, the space is really very small and no longer enough for my training, I want a bigger hall where I can turn the computer training school to a bigger standard and an exam center a cbt center",education,300,200,300000,5000000,40,,,We have a 60 person capacity training school at 36a Irhirhi road Benin city,5,"Manager, coding teacher, supervisor ",no,,100000,36,"I will rent a bigger hall for my computer training school 2m, I will put in the necessary furnitures (chairs and tables) 2m, I will buy computers and other equipment 6m, then we can start making money.. with 10m I can get a 300 computer training center ",In 12-months the growth target is 100% growth ,12,A computer training school and cbt center is a very lucrative business and have so many opportunities ,We will impact the economy positively by creating jobs and training the future generations ,The long term vision is to turn the school from a 300 capacity into a 5000 capacity in the next 5 years,Because we will grow any money given to us and we will impact the economy positively ,SCALE,PENDING,2026,2026-07-12T06:00:56.603Z,2026-07-12T06:00:56.603Z,0
6a5273e01a327f02789fe1e0,Idahor Marvis ,doctor_marvo@yahoo.com,08032013018,35,Resident,"Resident,Indigene",Blue vigour pharmaceuticals limited ,RC 1349744,2016,htt://www.bluevigourpharma.com,"Problem 1: Insufficient Capital to Expand Stock and Meet Customer Demand
Blue Vigour Pharmaceuticals is an operating pharmacy committed to providing quality medicines and healthcare products to the community. However, limited working capital makes it challenging to maintain a wide range of essential medicines and meet increasing customer demand consistently.

Solution:
The grant support will be used to increase inventory, purchase essential medicines and healthcare products in larger quantities, and improve product availability. This will enable Blue Vigour Pharmaceuticals to serve more customers and provide reliable access to quality healthcare products.

Problem 2: Rising Cost of Medicines and Operational Expenses
The increasing cost of medicines, transportation, and other business expenses affects the pharmacy’s ability to maintain affordable prices while sustaining business growth.

Solution:
The grant will improve the pharmacy’s purchasing power, allowing for bulk procurement from trusted suppliers, reducing costs, and strengthening the sustainability of the business.

Problem 3: Need to Improve Pharmacy Services and Customer Experience
There is a growing need for efficient pharmacy services, better customer support, improved record keeping, and access to health information.

Solution:
The funding will support the improvement of pharmacy operations through better equipment, improved inventory management systems, staff training, and enhanced customer care.

Problem 4: Expansion and Job Creation Opportunities
Blue Vigour Pharmaceuticals has the potential to expand its services and create more employment opportunities, but limited resources affect the speed of growth.

Solution:
The grant will support business expansion, increase operational capacity, and create opportunities for additional employment, contributing to youth empowerment and community development.",health,800,400,1000000,12000000,10,30000,60000,"Blue Vigour Pharmaceuticals is an established operating pharmacy that commenced operations in 2016 and has built a strong foundation in providing access to quality medicines, healthcare products, and professional pharmacy services to the community.

The business has demonstrated traction through:

Serving an average of approximately 400 customers monthly, including returning customers who depend on our pharmacy for their healthcare needs.
Building customer trust over several years through reliable access to genuine medicines, quality service delivery, and professional support.
Maintaining relationships with trusted pharmaceutical suppliers to ensure consistent availability of essential healthcare products.
Creating employment opportunities, with a current team of 4 employees supporting pharmacy operations and customer service.
Developing a sustainable customer base through referrals, repeat purchases, and commitment to meeting community healthcare needs.",4,"Pharmacy Manager/Lead Pharmacist
Responsible for overseeing pharmacy operations, ensuring proper dispensing of medicines, maintaining professional standards, managing suppliers, and providing quality healthcare support to customers.
Operations/Inventory Officer
Responsible for stock management, monitoring inventory levels, receiving supplies, and ensuring availability of essential medicines and healthcare products.Customer Service/Sales Officer
Responsible for attending to customers, processing sales, providing product information, and maintaining good customer relationships.
Pharmacy Assistant/Administrative Support
Supports daily pharmacy activities, record keeping, customer assistance, and general administrative tasks.",no,,600000,3,"Purchase of Medicines and Healthcare Products – ₦6,000,000 (60%)
To increase inventory levels, maintain availability of essential medicines, expand product range, and meet growing customer demand.
Pharmacy Equipment and Technology – ₦1,500,000 (15%)
To acquire necessary equipment, improve inventory management, introduce better record keeping systems, and improve service efficiency.
Business Expansion and Facility Improvement – ₦1,000,000 (10%)
To improve the pharmacy environment, enhance customer experience, and support expansion of operations.
Staff Training and Capacity Building – ₦500,000 (5%)
To improve staff knowledge, customer service skills, and professional pharmacy operations.
Marketing and Community Outreach – ₦500,000 (5%)
To increase awareness of pharmacy services, attract more customers, and strengthen community engagement.
Working Capital Support – ₦500,000 (5%)
To support daily operations, logistics, and unexpected business needs.","Within the next 12 months, Blue Vigour Pharmaceuticals aims to achieve the following growth targets:

Increase monthly active customers from approximately 400 to 700customers through improved product availability, better service delivery, and community engagement.
Increase inventory capacity by expanding the range and quantity of essential medicines and healthcare products available to customers.
Grow monthly revenue by approximately 30–50% through increased sales volume and improved customer retention.
Maintain and strengthen relationships with reliable pharmaceutical suppliers to ensure consistent access to quality products.
Improve operational efficiency through better inventory management and upgraded pharmacy systems.
Create additional employment opportunities as the business expands.",3,"Market Opportunities and Competitive Advantage – Blue Vigour Pharmaceuticals

Market Opportunities:
The demand for quality and accessible healthcare products continues to grow due to increasing health awareness, population growth, and the need for reliable access to essential medicines. Many customers require convenient access to genuine medicines, health products, and professional pharmacy services.

Blue Vigour Pharmaceuticals has an opportunity to expand its market reach by increasing inventory capacity, improving customer service, and serving more individuals, families, and patients within the community. The ₦10 million grant will enable the pharmacy to take advantage of this growing demand by improving stock availability and expanding its services.

Competitive Advantage:
Blue Vigour Pharmaceuticals has operated since 2016, building customer trust and experience in delivering quality pharmacy services. Our competitive strengths include:

An established customer base of approximately 400 monthly active customers.
Strong relationships with trusted pharmaceutical suppliers.
Focus on providing genuine medicines and reliable customer care.
Experienced team of 4 employees committed to efficient service delivery.
Knowledge of the local market and the healthcare needs of the community.
Ability to grow through improved inventory, better systems, and enhanced customer experience with grant support 
With the grant investment, Blue Vigour Pharmaceuticals will strengthen its position as a trusted healthcare provider and expand its impact in the community.","Blue Vigour Pharmaceuticals contributes to improving community healthcare access by providing reliable access to quality medicines, healthcare products, and professional pharmacy services.

Social Impact:

Improves access to essential medicines and healthcare products for individuals and families in the community.
Supports better health outcomes through proper medication guidance and customer care.
Builds trust by providing genuine and quality healthcare products.
Increases convenience for customers by ensuring better availability of needed medicines.
Creates opportunities for youth employment and skills development through pharmacy operations.
Economic Impact:
The ₦10 million grant will support business expansion, increase inventory capacity, and strengthen the sustainability of the pharmacy.
Creates additional employment opportunities, with plans to add 3 more jobs within 12 months.
Supports local supply chains through increased purchasing from pharmaceutical suppliers.
Increases business growth, revenue generation, and contribution to the local economy.
Strengthens Blue Vigour Pharmaceuticals as a sustainable healthcare business serving the community.","Over the next 3–5 years, Blue Vigour Pharmacy aims to become a leading and trusted community pharmacy in Edo State, providing accessible, affordable, and quality healthcare products and services to individuals and families.

With the support of the ₦10 million grant from the Edo Youth Impact Forum, we plan to expand our pharmacy operations, increase our inventory of essential medicines and healthcare products, improve customer service, adopt better technology for inventory and business management, and create employment opportunities for young people.

Our long-term goals include:

Expanding our product range to meet the growing healthcare needs of our community.
Building a strong reputation for reliable, safe, and professional pharmacy services.
Creating job opportunities and training young people in pharmacy support and healthcare services.
Developing partnerships with healthcare providers and community organizations to improve access to healthcare.
Establishing Blue Vigour Pharmacy as a sustainable and impactful healthcare business that contributes positively to Edo State’s economy.
By the end of this 3–5 year period, Blue Vigour Pharmacy aims to be recognized as a model community pharmacy that combines quality healthcare delivery with business growth, innovation, and social impact","Edo Youth Impact Forum should invest in Blue Vigour Pharmacy because our business addresses an essential need in the community by improving access to quality, affordable, and reliable healthcare products and services.

Healthcare is a critical sector, and Blue Vigour Pharmacy is positioned to make a meaningful impact by ensuring that individuals and families have easier access to genuine medicines, health products, and professional pharmacy support. The investment will enable us to expand our inventory, improve our operations, serve more customers, and contribute to better health outcomes within our community.

This support will also help us grow a sustainable youth-led business that creates employment opportunities, develops skills, and contributes to the economic development of Edo State. With the right funding, Blue Vigour Pharmacy has the potential to become a trusted healthcare brand while generating long-term value for customers, employees, and the wider community.

By investing in Blue Vigour Pharmacy, Edo Youth Impact Forum will be supporting a scalable healthcare enterprise with clear growth potential, social impact, and the ability to positively influence lives.",SCALE,PENDING,2026,2026-07-11T16:48:32.380Z,2026-07-11T16:48:32.381Z,0
6a525bce74f5d902cce92321,Joshua edosomwan kuranga ,joshua07053@gmail.com,07025410448,30,Business Based,Business Based,Superjay tech& iceblock,Superjay tech& iceblock,2025,https://www.superjaytech.info,"Superjay tech & ICEBLOCK was setup as a middle man company to build and operate bottling company, bottle water factory and pure water factory anywhere in Nigeria. SUPERJAY TECH & ICEBLOCK LTD has infrastructure in recruitment ,production, manufacturing, engineering, construction , facility management, security, welding and logistics. The company based is based in benin city.

Call us for your pure water machine installation, water purity filter for 99% clean borehole water, Electric fence installation, gate, welding, swimming pool, POS installation services in Benin city, baby monitor, fire alarm & for smoke detector, facility management, Ahd CCTV / IP camera ,water filtration system for cleaner borehole, pure water machine installation & internship training. We hope to sell 200,000 kilo grams of ice cream in 2027 by manufacturing 1000 cooler boxes for ice cream men in Benin city.",fintech,1000,1000,50000,360000,0.5,55000,60000000,"I sell one ice cream trucks for 55,000.

Each day the user can buy up to 5000 naira Ice cream to market.

Assuming he sells for 300 days out of 365 days each year , he will sell roughly 60,000,000 worth of Ice cream in 40 years time.",15,"Below are the names of my welding team members
Dogo welder
Haruna cutter
Joshua design manager 
Samson welder
Aisosa marketer
Anthonia marketer
Friday smelting
Taye cooler box
Osamudia cooler box",yes,"My mother gave me 100,000 naira to do marketing and print flyers.",35000,45000,"First of all I will buy stationery for book keeping , and I will pay for materials because the pricing of materials is not stable. If we are going to continually produce ice cream my cooler box seems like the most sensible way to sell it. It is not going to take less than 1000 cooler boxes to sell 200,000 kilogrammes of ice cream each financial year. So most of this money ,If given I will use it to buy production materials,angle bars, tires,bearings,handles,stickers, bags, aluminium rust resistant pans , hinges, tyre cover to improve the general look of the ice cream trucks, I will also buy speakers with melodious songs which will help to attract customers. I will also use the opportunity to build my own ice cream cooling facility where I will be selling bothe the ice cream,speaker and trucks In bags for fast business.

Also , I will be hiring two permanent staff . The first is a secretary which I will be paying 360,000 naira annually and an onsite security guard who will also be earning 360,000 annually. 

I will equally invest 100,000 naira to make 1000 copies of my poster which I will slowly distribute to business contacts to fast track development.

I will also buy 4 industrial freezers of 1,500,000 million naira each to freeze the ice cream upon arrival at my store.

I will also buy industrial grade wires for the connection.

I will buy a 250 liters freezer to ice block.

But of course I will be welding equipments and tools.","In the coming year of 2027 alone I plan to sell 200,000 kilogrammes of ice cream. 

According to survey I did this year alone
Each truck can purchase ice cream of 5000 daily, and if he sells for 300 days out of 365 that brings the numbers to 1,500,000 million per person.

We hope to have 50 daily sellers, which us to 75,000,000 in total sales and a revenue of 7.5 million naira net profit.

Last but not least I hope to have manufactured 1000 ice cream trucks and bicycles in 2027.

1 truck + cooler box = 55,000 
1000 units = 55 million 
Net profit= 4.5 million.
",2000,Using Ice cream trucks is good business and using bicycles for more coverage is even better so we're putting these ideas together to make it easier for ice cream manufacturers to get customers to sell their products ,With this I plan to expand my business and client portfolio and make my team and my clients happy,"I hope to put smiles in the face of 2000 or more persons within the state within 3-5 years by starting my own Ice cream processing plant here in Benin city and if possible, grow my own sugar cane.

","My name is Joshua edosomwan kuranga and I am the managing director of SUPERJAY TECH & ICEBLOCK. EYIF should invest in my startup because I have been into construction, welding, building, agriculture,printing and manufacturing and honestly it is not easy. There is a lot of fatigue in business, and electricity is unaffordable. I believe the 10 million grant will help me train more people if business ethics and increase the number of experienced staff in my workforce because this is the future of technology.",SCALE,PENDING,2026,2026-07-11T15:05:50.723Z,2026-07-11T15:05:50.723Z,0
6a524e08effae684bf506cc4,Edosomwan Aisosa,p2pxchanj@gmail.com,08025464729,25,Resident,"Resident,Indigene,Business Based",P2P TECH PLATFORM,7785894,2021,https://p2pxchanj.carrd.co/,"Nigeria’s growing digital economy has increased the use of cryptocurrencies and digital gift cards for payments, freelancing, remittances, and international commerce. However, many individuals and small businesses struggle to access reliable, transparent, and secure exchange services. Users often fall victim to fraud, delayed settlements, hidden charges, and unverified traders, leading to financial losses and reduced trust in digital financial services. 

SOLUTION

P2P XCHANJ is a technology-driven digital asset exchange platform that provides secure, fast, and transparent cryptocurrency and gift card exchange services. Our platform connects verified users with reliable exchange services while emphasizing security, competitive rates, prompt settlement, and excellent customer support.

Beyond transactions, P2P XCHANJ promotes digital financial inclusion by educating users on safe cryptocurrency practices, fraud prevention, and responsible use of digital assets. Our long-term vision is to build a trusted fintech platform that simplifies access to digital finance for Nigerians and other African markets while creating employment opportunities for young people through customer service, technology, marketing, compliance, and business development roles.
",fintech,120,65,16000000,250000000,10,3000,50000,"Link to catalogue- ‎Follow this link to view our catalog on WhatsApp: https://wa.me/c/2348087306323 

P2P XCHANJ has successfully served over 100 customers through secure cryptocurrency and gift card exchange services. Growth has been driven primarily by customer referrals, repeat transactions, and digital marketing. We have established operational processes for customer support, transaction verification, and timely settlements, resulting in increasing customer trust and retention. The business continues to experience steady demand and is preparing to scale through technology upgrades, stronger security, and expanded market reach. ‎",3,"Founder & CEO.
Marketing Lead – Digital marketing
Operations Officer – Transaction processing and customer support.",no,,250000,6,"The ₦10 million grant will be invested strategically to scale P2P XCHANJ into a secure and technology-driven fintech platform.
	•	35% (₦3.5 million): Platform development, automation, cybersecurity, and mobile application development.
	•	20% (₦2 million): Working capital to improve transaction liquidity and service delivery.
	•	15% (₦1.5 million): Recruitment of software developers, customer support personnel, compliance officers, and marketing staff.
	•	15% (₦1.5 million): Customer acquisition, digital marketing, branding, and community engagement.
	•	10% (₦1 million): Regulatory compliance, legal requirements, and operational systems.
	•	5% (₦500,000): Office equipment, technology infrastructure, staff training, and contingency.

This investment will enable us to scale operations, improve customer experience, strengthen security, and create sustainable employment while expanding access to digital financial services.
","Within the next 12 months, we aim to:
	•	Grow our customer base to over 1,000 active users.
	•	Increase monthly transaction volume through improved technology and customer acquisition.
	•	Launch a secure web and mobile platform.
	•	Expand operations beyond Edo State into multiple Nigerian states.
	•	Create at least 5–10 direct jobs and additional indirect opportunities through partnerships and ambassador programs.
	•	Strengthen compliance and cybersecurity to meet industry best practices.
	•	Increase customer retention through improved service quality and education initiatives.",30,"
Nigeria has one of Africa’s largest and fastest-growing digital economies, with increasing adoption of cryptocurrencies, digital payments, freelancing, e-commerce, and cross-border transactions. Millions of Nigerians require secure, fast, and transparent platforms to exchange cryptocurrencies and gift cards.

P2P XCHANJ differentiates itself by prioritizing customer trust, rapid transaction processing, competitive exchange rates, responsive customer support, and strong security practices. Our long-term strategy includes building a technology-driven platform that automates transactions, strengthens fraud prevention, and expands financial inclusion for individuals and SMEs. 
By combining technology with exceptional customer experience, P2P XCHANJ is well positioned to compete in Nigeria’s growing fintech ecosystem","
P2P XCHANJ contributes to economic development by expanding access to secure digital financial services for individuals, freelancers, entrepreneurs, and small businesses. The business reduces the risks associated with informal cryptocurrency trading by providing a trusted exchange service while promoting financial literacy and responsible digital asset use.

As the company grows, it will create employment opportunities for young Nigerians in technology, customer service, compliance, marketing, and business operations. Through technology adoption and digital skills development, P2P XCHANJ supports Nigeria’s digital economy and empowers more people to participate safely in global commerce.","P2P XCHANJ’s vision is to become one of Nigeria’s most trusted fintech companies, providing secure, accessible, and technology-driven digital asset exchange services. Over the next three to five years, we aim to develop a fully automated platform that enables individuals and businesses to buy, sell, and manage cryptocurrencies and digital assets seamlessly. We also plan to expand across West Africa, create sustainable employment for young professionals, build strategic partnerships with financial institutions and fintech companies, and contribute to the growth of Africa’s digital economy through innovation, financial inclusion, and digital literacy.","P2P XCHANJ addresses a growing need for secure and reliable digital financial services in Nigeria. We have already validated market demand through our existing customer base and are focused on building a scalable fintech solution that promotes financial inclusion, creates jobs, and supports the digital economy. An investment from EYIF will accelerate our technology development, strengthen cybersecurity, expand customer reach, and enable us to employ more young Nigerians. Beyond financial returns, the grant will help create measurable social and economic impact by increasing access to safe digital financial services and empowering entrepreneurs, freelancers, and small businesses.",SCALE,PENDING,2026,2026-07-11T14:07:04.419Z,2026-07-11T14:07:04.419Z,0
6a522cfdcc03800cc3023be3,Samuel Aleonomoh,samuelaleonomoh5@gmail.com,07053259853,28,Indigene,Indigene,Gradell Technology Limited,7086995,2023,https://rolepilotai.com,"Problem

Millions of African students, graduates, and professionals struggle to secure meaningful employment because career development, workforce training, recruitment, and employer hiring are fragmented across multiple platforms. Job seekers often use separate tools for CV creation, job applications, learning, and networking, while employers spend significant time sourcing and screening qualified talent.

Solution

RolepilotAI is an AI-powered workforce platform that prepares people for the future of work by combining career development, workforce education, employer recruitment, and AI-powered career tools into one ecosystem. Through CareerOS, RolepilotAI Academy, and the Employer Marketplace, we help individuals become work-ready, AI-ready, and future-ready while enabling employers to hire verified, career-ready talent more efficiently.",education,370,150,82600,82600,35,450,50000,"Evidence of Traction

RolepilotAI has demonstrated early market validation with:

370+ registered users
297 professional CVs created
248 CV downloads
43 paying customers
₦82,600 in revenue
5,823 total website visits
2,844 unique visitors
Organic customer acquisition through referrals and digital marketing
Working AI-powered platform with active users

Website: www.rolepilotai.com",6,"Key Team Members

Samuel Aleonomoh – Founder & CEO
Product strategy, software engineering, AI, partnerships, fundraising.

Product & Engineering
Platform development, AI integration, infrastructure.

Marketing & Growth
Customer acquisition, partnerships, community growth.

Operations & Customer Success
DFY operations, customer support, onboarding.",no,,300000,4,"Product Development — ₦3,000,000
Employer Marketplace
RolepilotAI Academy
Mobile applications (iOS & Android)
AI infrastructure
Sales & Marketing — ₦2,500,000
University outreach
NYSC partnerships
Digital marketing
Employer acquisition
Community building
Hiring — ₦2,000,000

Recruit:

Business Development
Customer Success
Operations
Engineering support
Cloud Infrastructure & AI — ₦1,500,000
Servers
AI APIs
Monitoring
Security
Storage
Operations & Expansion — ₦1,000,000
Legal
Compliance
Business development
Travel
Partnership activities","Grow to 20,000 registered users
Reach 5,000 monthly active users
Onboard 300 verified employers
Launch RolepilotAI Academy
Launch Employer Marketplace
Generate over ₦20 million in annual recurring revenue
Expand partnerships with universities and workforce development organizations across Nigeria",1000,"Africa has one of the world's youngest and fastest-growing workforces, yet millions remain unemployed or underemployed due to fragmented career and hiring systems.

RolepilotAI differentiates itself by combining:

AI-powered career tools
Workforce education
Employer hiring solutions
Career Passport
AI-powered matching
Workforce analytics

into a single integrated platform.

Unlike traditional job boards or learning platforms, RolepilotAI supports users throughout their entire career journey—from learning and employability to employment and long-term career growth.","RolepilotAI aims to improve employment outcomes by equipping young Africans with practical career tools, AI skills, and workforce readiness.

Our platform will:

Increase employability
Reduce graduate unemployment
Improve hiring efficiency
Expand access to career opportunities
Promote AI literacy
Support entrepreneurship and income generation","To build Africa's most trusted workforce infrastructure, empowering over one million Africans through AI-powered career development, workforce education, and employer solutions.

We envision RolepilotAI becoming the operating system for career growth across Africa—supporting individuals from education to employment, entrepreneurship, and lifelong professional development while helping employers discover and hire verified talent at scale.","RolepilotAI is solving a critical challenge that affects millions of young Africans: the disconnect between education, employability, and meaningful work. We have already built a working product, achieved early customer traction, and validated that users are willing to pay for our services.

The ₦10 million grant will enable us to accelerate the development of our Employer Marketplace and RolepilotAI Academy, expand our reach, and create a scalable workforce ecosystem that benefits individuals, employers, educational institutions, and government agencies.

Beyond financial returns, EYIF's investment would contribute to reducing unemployment, strengthening workforce readiness, and building sustainable economic opportunities for young Africans. Our vision is bold, our execution has begun, and we are committed to building a company that creates lasting impact across the continent.",SCALE,PENDING,2026,2026-07-11T11:46:05.143Z,2026-07-11T11:46:05.143Z,0
6a5220f2cc03800cc3023bcd,Joshua igenegba ,Joshuaigenegba@yahoo.com,08068831893,32,Resident,"Resident,Indigene,Business Based",Smart John multipurpose Agro farms ,3813386,2022,https://smartjohnmultipurposeagrofarms.com,"Food security – Supplies fresh eggs and chicken, making quality protein more available to families.
Affordable poultry products – Offers eggs and chicken at competitive prices, helping residents save money.
Employment opportunities – Creates jobs for workers involved in poultry management, sales, and distribution.
Income generation – Supports the local economy by buying supplies and selling products within the community.
Reliable supply – Reduces dependence on poultry products transported from distant areas.
Agricultural development – Encourages poultry farming and promotes modern farming practices in the community.
Organic manure production – Poultry droppings can be used as manure by local crop farmers, improving soil fertility.
Business opportunities – Creates opportunities for retailers, distributors, feed suppliers, and transporters.
Nutrition improvement – Eggs and chicken provide essential nutrients that support healthy growth and development, especially for children and pregnant women.
Community development – my farm contributes to economic growth and  inspire others to invest in agriculture.",agriculture,10,10,1200000,14000000,35,5000,500000,"
Smart John Multipurpose Agro Farms currently manages a flock of 700 laying birds and produces an average of 19 crates of eggs daily. We have established a loyal customer base of 7 regular wholesale and retail customers and generate approximately ₦3,500,000 in monthly sales. Our consistent production, repeat customers, and steady revenue demonstrate strong market demand, operational capability, and significant potential for growth with additional investment.
",3,"Key Team Members & Their Roles
Smart Joshua – Founder & Chief Executive Officer (CEO): Oversees the overall management of the business, strategic planning, finance, business development, and partnerships.
Farm Manager: Manages daily poultry operations, flock health, feeding, biosecurity, and production.
Sales & Marketing Officer: Handles customer relations, product marketing, sales, and order management.
Farm Attendants: Responsible for feeding birds, egg collection, cleaning, monitoring bird health, and maintaining hygiene on the farm.
Veterinary Consultant (Part-Time): Provides professional guidance on disease prevention, vaccination, treatment, and flock health management.",yes,"Loan from bank of industry 
4,300,000",800000,6,"Increase my poultry business 
By increase my daily eggs production and increase my staff by creating more employment ","Increase egg production by 10–15% through improved flock management and nutrition.
Grow monthly sales by 10% by attracting new wholesale and retail customers.
Expand the customer base by adding 5–10 new regular customers each month.
Maintain a bird survival rate of 95% or higher through proper health and biosecurity practices.
Improve customer satisfaction through consistent product quality and timely delivery.
Reinvest part of monthly profits into expanding production capacity and improving farm operations.",5,"Demand for fresh eggs and chicken is consistently high from households, restaurants, hotels, bakeries, schools, and food vendors.
Population growth continues to increase the need for affordable sources of animal protein.
Many customers prefer buying fresh eggs and locally raised chickens from trusted farms.
There is potential to expand into wholesale supply, retail sales, and institutional contracts.
The business can also grow by supplying day-old chicks, frozen chicken, and poultry manure to farmers.","Smart John Multipurpose Agro Farms improves food security by providing affordable, high-quality eggs and chicken, creates employment opportunities, supports local businesses and farmers, generates income, and contributes to the economic growth and sustainable development of the community","Over the next 3–5 years, Smart John Multipurpose Agro Farms aims to become one of the leading poultry farms in Edo State by significantly increasing egg and chicken production, expanding our customer base across multiple communities, and strengthening our distribution network. We plan to modernize our farming operations, create more employment opportunities, and establish a trusted brand known for quality, affordability, and reliability. We also intend to expand into poultry processing and value-added products while continuing to contribute to food security, sustainable agriculture, and economic development.","EYIF should invest in Smart John Multipurpose Agro Farms because we are addressing the growing demand for affordable, high-quality poultry products while creating jobs and improving food security in our community. Our business has a clear growth strategy, a strong local market, and is committed to sustainable poultry production. With EYIF's support, we will expand production capacity, improve efficiency, create more employment opportunities, and increase the supply of fresh eggs and chicken, delivering lasting social and economic impact.",SCALE,PENDING,2026,2026-07-11T10:54:42.822Z,2026-07-11T10:54:42.822Z,0
6a516f2eb424c9495ba63322,Rebecca Oyemen.O.,rebeccaoyemen@gmail.com,07062027922,30,Indigene,Indigene,The Mindset that works ltd,8997757,2025,https://www.linkedin.com/in/rebecca-oyemen?utm_source=share_via&utm_content=profile&utm_medium=member_android,"The problem
Many professionals have valuable skills and experience but lack the confidence, mindset, and practical guidance to turn that knowledge into additional income or career opportunities.

Our solution
We provide mindset education, practical training, community support, and digital learning programs that help people build confidence, increase visibility, and monetize what they know.",education,300,200,500000,120000,30000,60000,100000,https://selar.com/m/Rebeccaoyemen,2,"Rebecca Olaleye – Founder & CEO

Judith otasowie : 

Responsibilities:

Business strategy and operations
Mindset curriculum development
Training facilitation
Content creation
Community management
Marketing and sales
Partnership development
Customer success",no,Nil,560000,400000,"The ₦10 million grant will be used to scale TMTW, a mindset education company that equips professionals with the mindset, confidence, and digital skills to transform their knowledge into opportunities and income.

The funding will be allocated across five strategic areas:
1. Technology & Learning Platform (30% – ₦3,000,000)

Upgrade and expand the TMTW digital learning platform.
Develop a seamless mobile learning experience.
Implement a learning management system (LMS), automation, and student analytics.

2. Content & Curriculum Development (25% – ₦2,500,000)

Produce high-quality video courses.
Develop new programs on mindset, confidence, leadership, AI, and knowledge monetization.
Invest in professional video production, instructional design, and learning materials.
3. Marketing & Customer Acquisition (20% – ₦2,000,000)

Execute digital marketing campaigns.
Build strategic partnerships.
Grow the community through webinars, challenges, and referral programs.

4. Team Growth & Operations (15% – ₦1,500,000)

Recruit key team members in operations, customer success, marketing, and content production.
Strengthen internal systems to support business growth.
5. Community Impact & Scholarships (10% – ₦1,000,000)

Provide scholarships for women, young professionals, and aspiring entrepreneurs who cannot afford the programs.
Deliver free community workshops to expand access to mindset and digital education.
The grant will enable TMTW to:

Reach thousands more learners across Nigeria.
Increase access to affordable mindset and digital education.
Create employment opportunities through business expansion.
Empower more professionals to build confidence, increase their earning potential, and create sustainable income streams from their knowledge.","Business Growth

* Grow from 40+ paying customers to 500+ paying learners.
* Increase annual revenue to ₦25 million+ through digital programs, corporate training, and memberships.
* Expand the TMTW affiliate network from 200+ to 1,000 active affiliates.

 Product & Platform

* Launch 5 new signature courses focused on mindset, confidence, leadership, AI, and knowledge monetization.
* Enhance the TMTW learning platform with improved learner experience and automation.
* Achieve 80%+ learner completion rates across flagship programs.

Community & Impact

* Train 5,000 professionals through online workshops, webinars, challenges, and live events.
* Award **100 scholarships** to women and young professionals through the TMTW Impact Initiative.
* Build an engaged learning community of **10,000 members** across social and owned platforms.

Partnerships & Corporate Training

* Deliver 20 corporate training sessions*m for organizations, SMEs, educational institutions, and professional associations.
* Secure **10 strategic partnerships** with companies, NGOs, churches, and educational institutions.
* Establish TMTW as a recognized provider of mindset and professional development training.

 Brand Growth

* Position Rebecca Olaleye as a leading **Mindset Educator, Speaker, and Corporate Trainer in Nigeria.
* Speak at 15 conferences, leadership events, and industry engagements.
* Publish a signature framework, toolkit, or book that strengthens TMTW's thought leadership.",200,"Nigeria has millions of professionals, entrepreneurs, graduates, and aspiring creators with valuable skills and experience but limited access to practical education on mindset, confidence, personal branding, and knowledge monetization. As remote work, AI, and the creator economy continue to grow, there is increasing demand for education that equips people to adapt, build new income streams, and remain competitive.

TMTW (The Mindset That Works) addresses this gap by combining mindset transformation with practical business and digital education. Rather than teaching technical skills alone, we help learners first develop the confidence and thinking required to take action, then provide the tools to convert their knowledge into opportunities and income.

### Our Competitive Advantage

* **Unique methodology:** We integrate mindset, confidence, and monetization into one learning journey, helping learners overcome internal barriers before teaching practical skills.
Action-oriented learning: Our programs include challenges, accountability, community support, and practical assignments that encourage implementation rather than passive learning.

Rebecca Olaleye brings over a decade of corporate sales and marketing experience, combined with practical experience in digital education, making our training both relevant and applicable.
* **Scalable digital model:** Through online courses, live training, community programs, corporate workshops, and an affiliate network, TMTW can expand its impact across Nigeria and beyond.
Strong brand message: Our philosophy, ""Your Mind Is Your Greatest Asset,"" creates a distinctive identity that resonates with professionals seeking both personal growth and career advancement.","Social/Economic Impact

TMTW (The Mindset That Works) is committed to equipping professionals, women, graduates, and aspiring entrepreneurs with the mindset, confidence, and practical digital skills needed to unlock economic opportunities.

Our mission is to help individuals overcome limiting beliefs, develop confidence, and transform their knowledge and experience into sustainable income streams through education, coaching, and digital entrepreneurship.

Over the next 12 months, we aim to:

* Train over 5,000 professionals through online programs, workshops, webinars, and challenges.
* Support 500+ learners in building new income opportunities through digital products, personal branding, and knowledge monetization.
* Provide 100 scholarships to women and young professionals from underserved communities.
* Deliver mindset and career development training to organizations, schools, churches, and community groups.
* Create direct employment opportunities while expanding our affiliate ecosystem and partnerships.

By improving confidence, employability, entrepreneurial capacity, and digital skills, TMTW contributes to economic empowerment, job creation, and financial inclusion. We believe that when people transform their thinking, they are better equipped to create opportunities for themselves, support their families, and contribute meaningfully to their communities.","TMTW (The Mindset That Works) aims to become Africa's leading mindset education company, empowering individuals to transform the way they think, build confidence, and create sustainable economic opportunities.

Over the next 3–5 years, we will build a comprehensive learning ecosystem that combines mindset education, leadership development, digital skills, and knowledge monetization to prepare people for the future of work and entrepreneurship.

Our vision is to:

* Empower over **100,000 learners** across Africa through digital education, corporate training, and community programs.
* Become a trusted training partner for corporations, educational institutions, NGOs, and government agencies in workforce development and leadership training.
* Develop TMTW into a leading platform for mindset and professional development, offering online courses, live events, certifications, and coaching.
* Create employment opportunities by expanding our team, trainer network, and affiliate ecosystem.
* Establish the **TMTW Foundation** to provide scholarships and mindset education for women, youth, and underserved communities.

Ultimately, we envision a future where TMTW is recognized as a catalyst for personal transformation and economic empowerment, helping individuals unlock their potential, build fulfilling careers, create sustainable businesses, and positively impact their communities.
","EYIF's investment in TMTW is an investment in unlocking human potential at scale.

Millions of talented professionals, graduates, and aspiring entrepreneurs possess valuable knowledge and skills but remain held back by limiting beliefs, low confidence, and a lack of practical guidance on how to create economic opportunities. TMTW exists to bridge that gap.

Our approach is unique because we combine **mindset transformation with practical education**. We don't just inspire people—we equip them with the confidence, digital skills, and systems needed to turn their knowledge into income and long-term opportunities.

Although we are still in the early stages of growth, we have already built a community of 200+ affiliates and served 40+ paying customers**, demonstrating strong market interest and validating our model. With strategic funding, we can strengthen our technology platform, expand our curriculum, grow our team, and reach thousands more learners across Nigeria.

EYIF's support would accelerate our mission to build a scalable education company that creates measurable social and economic impact through job creation, entrepreneurship, and workforce development.

We are building more than an education platform—we are building a movement that empowers people to believe in their potential, develop future-ready skills, and contribute meaningfully to Africa's economic growth.

**At TMTW, we believe that when people transform their minds, they transform their lives. That is why our philosophy is simple: 

Your Mind Is Your Greatest Asset.
",SCALE,PENDING,2026,2026-07-10T22:16:14.068Z,2026-07-10T22:16:14.068Z,0
6a50f2b873971d791c11e37a,Sheriff Toritsemotse,zeriodtech@gmail.com,0805 843 8248,35,Resident,"Resident,Business Based",Zeriod tech hub limited,8531387,2025,https://web.facebook.com/Zeriodtech1,"We bridge the gap between talent and opportunity by delivering practical technology education, innovative digital solutions, and career-focused support that empowers individuals and businesses to thrive in the digital economy. 
Problems Zeriod Tech Hub Solves
Digital Skills Gap: Many graduates and job seekers lack the practical IT skills employers demand.
Youth Unemployment: Limited access to industry-relevant training leaves many talented individuals without career opportunities.
Cybersecurity Risks: Businesses face increasing cyber threats but often lack the expertise to protect their systems and data.
Poor Digital Transformation: Many SMEs still rely on manual processes, reducing productivity and competitiveness.
Lack of Affordable Tech Education: High-quality technology training is often expensive or inaccessible.
Weak Professional Readiness: Many aspiring professionals struggle with CV writing, LinkedIn optimization, interview preparation, and workplace communication.
Inadequate IT Infrastructure: Organizations often need help designing, deploying, and managing secure and reliable IT systems.
Limited Business Technology Support: Small businesses need cost-effective websites, networking, cloud, and digital solutions to grow.
Zeriod Tech Hub's Solutions
Hands-on IT Training: Practical programs in Cybersecurity, Networking, Cloud Computing, Data Analytics, AI, and Software Development using real-world projects.
Career Development Services: Resume building, LinkedIn optimization, mock interviews, internship opportunities, mentorship, and job placement support.
Cybersecurity Services: Security assessments, awareness training, vulnerability management, incident response, and compliance guidance.
Digital Transformation Consulting: Helping organizations automate operations and adopt modern technology for greater efficiency.
Custom Technology Solutions: Website development, business applications, networking, cloud deployment, and IT infrastructure setup.
Corporate Training: Tailored upskilling programs for businesses to improve employee productivity and digital competence.
Technical Support & Managed IT Services: Ongoing maintenance, system monitoring, troubleshooting, and IT advisory services.
Innovation & Entrepreneurship Support: Equipping startups and entrepreneurs with the technical skills and digital tools needed to launch and scale successful businesses.",education,100,10,500000,6500000,5,10000,500000,tiktok.com/@sherifftoris,3,"Managing Director
Business officer
Desk / sales support",yes,"300,000 from OTG Grant",30000,12,I use grant to stock up more products and invest heavily on social media presence most of our sale come from there. ,"Build a strong presence online. 
Start giving back interms of school to school digital trainings. 
Increase stock by at least a 50 % margin",50,There's is a global rise for tech talent in Africa and this brings great opportunity for trainings and sales of gadget for BYOD remote jobs. ,This bring in foreign investors and remote work for the youths in the country which in turn reduces the economic hardship for individuals working remote or hybrid ,To establish a system that supports and exports tech talent all over the world. ,"Because we have the zeal, technicality, experience and love to serve, in light of growing tech opportunities in the world, leveraging technology can become an economic advantage in the long run for the largest black nation on earth; Nigeria",SCALE,PENDING,2026,2026-07-10T13:25:12.542Z,2026-07-10T13:25:12.542Z,0
6a508b27628adca076f53b6f,Sylvester Osaghomwanhia Osasuyi,lovesylvesterking@gmail.com,09160258839,30,Indigene,Indigene,King Solar Power Solution,,2023,https://youtube.com/@sylvesterking02?si=E3QNpfVCHgjsXrSu,"Problem: Many homes and small businesses lack reliable and affordable electricity, limiting productivity and increasing energy costs.

Solution: King Solar Solution provides affordable, high-quality solar energy systems with flexible payment options, helping customers access clean, reliable power while reducing electricity and fuel costs.",cleantech,100,3,500000,6000000,5,,,"- Successfully completed solar installations for residential and small business customers.
- Generated repeat business and customer referrals through quality service.
- Registered with SMEDAN as a clean energy enterprise.
- Growing customer inquiries through referrals, direct marketing, and social media.
- Expanding access to solar energy with affordable and flexible payment options.",3,"- Sylvester Osasuyi – Founder & Team Lead: Oversees business operations, client relations, solar system design, and project management.
- Team Member 2 – Solar Installation Technician: Handles system installation, testing, maintenance, and technical support.
- Team Member 3 – Operations & Sales Officer: Manages customer inquiries, marketing, sales, procurement, and administrative support.",no,,100000,1,"- 40% – Purchase solar panels, batteries, inverters, and installation materials.
- 20% – Expand operations by acquiring tools, equipment, and logistics support.
- 20% – Marketing, customer acquisition, and community awareness campaigns.
- 10% – Recruit and train technical staff to increase installation capacity.
- 10% – Working capital for business operations, customer support, and administrative expenses.","- Complete 100+ solar installations.
- Serve 150+ residential and small business customers.
- Create 5 new jobs.
- Expand operations to 3 additional communities or cities.
- Increase monthly revenue by at least 50%.
- Establish strategic partnerships with solar equipment suppliers and distributors.",5,"Market Opportunity: Nigeria has a large and growing demand for reliable, affordable electricity as many homes and small businesses experience frequent power outages and high energy costs.

Competitive Advantage: King Solar Solution provides high-quality, affordable solar systems, professional installation, flexible payment options, and reliable after-sales support, making clean energy more accessible to customers.","- Improve access to reliable and affordable clean energy for homes and small businesses.
- Reduce dependence on fuel-powered generators, lowering energy costs and pollution.
- Create employment opportunities for young people through solar installation and support services.
- Support small businesses with reliable electricity, improving productivity and economic growth.","To become a leading solar energy company in Nigeria, delivering affordable and reliable clean energy solutions to thousands of homes and businesses, creating jobs, expanding across multiple states, and contributing to sustainable economic and environmental development.","King Solar Solution is solving a real and growing energy challenge by providing affordable, reliable solar power for homes and small businesses. With a committed team, proven installation experience, and a scalable business model, the EYIF grant will enable us to expand our impact, create jobs, and make clean energy accessible to more communities across Nigeria.",SCALE,PENDING,2026,2026-07-10T06:03:19.224Z,2026-07-10T06:03:19.224Z,0
6a4d3915f29b9c3c81e1e416,Ebowe osarugue Annabella ,eboweosarugueannabella@gmail.com,09046093466,20,Resident,"Resident,Indigene,Business Based",Annabella's perfumery ,Not yet registered,2024,https://www.tiktok.com/@youallmeetannabella1?_r=1&_d=f1aeig475aeede&sec_uid=MS4wLjABAAAAEHLTU6cXhnsP_ywyb4URRB4rikSSIShuDJWIuUX4mpaSodMCxQZcHm3gkeoIe_59&share_author_id=6963203375882830850&sharer_language=en&source=h5_m&u_code=dih1ffdff7dbfc&timestamp=1783445585&user_id=6963203375882830850&sec_user_id=MS4wLjABAAAAEHLTU6cXhnsP_ywyb4URRB4rikSSIShuDJWIuUX4mpaSodMCxQZcHm3gkeoIe_59&item_author_type=1&utm_source=copy&utm_campaign=client_share&utm_medium=android&share_iid=7605900161931429639&share_link_id=1e494d04-af79-4b7b-b44e-e89b19eb6853&share_app_id=1233&ugbiz_name=ACCOUNT&ug_btm=b8727%2Cb7360&social_share_type=5&enable_checksum=1,"*Problem:*  
Current capital only lets me buy perfumes in small quantities/retail prices at the market. This makes my cost per bottle high, profit margin low, and I can’t stock fast-moving scents. I’m losing sales + customers to bigger sellers who buy wholesale.

*Solution:*  
With additional capital, I’ll buy perfumes in bulk directly from wholesalers. This drops my cost per bottle by 30-40%, lets me stock 5-10x more inventory, and I can meet demand faster. Higher margin = faster turnover = I can repay the funds + grow.",ecommerce,60,20,40000,100000,10,20,20,"I have none 
What transaction are u talking about?",1,Just me the brand owner ,no, No,500000,50000,"*How I’ll use the funds:*
1. *70% - Bulk stock purchase*: Buy 150-200 bottles wholesale from [wholesaler/market name] instead of retail. This cuts cost per bottle from ₦2,500 → ₦1,600. 
2. *20% - Restock best sellers*: Focus on 3-4 scents that sell out fastest so I don’t lose customers to “out of stock”.
3. *10% - Packaging + delivery*: Better bottles/sealers + delivery logistics so orders go out faster and customers come back.

Result: Lower cost → higher margin → I can sell more bottles, repay the capital, and still grow inventory.","Move from buying 1-1 to stocking 300+ bottles across 15-20 scents, always in stock",2,"Perfume is daily use and gift item . Demand is high among students, workers and gift buyers,but most sellers stick 5-10 scents and run out of stock fast. Edo state has thousands of students and young professionals with no trusted, always in stock seller",I'll create 1 direct part time job for delivery in 6 months and support 3-5 resellers with income in 12 months as sales grow,Yeah,"Invest because demand is proven and the problem is capital. 

Perfume sells daily, but I lose sales buying 1-1. Your investment funds wholesale stock of 300+ bottles across 15-20 scents, always in stock. That cuts cost by 35%, stops lost sales, and creates 1 job + income for 3-5 resellers in 12 months. 
EYIF is  funding scale for a business that already works.",SCALE,PENDING,2026,2026-07-07T17:36:21.812Z,2026-07-07T17:36:21.812Z,0
6a4c495f428672abca65d6be,Emmanuel Okpe,emmanuelokpe2710@gmail.com,07068957384,24,Resident,"Resident,Indigene,Business Based",Dropaddi Limited,8625224,2025,https://dropaddi-vercel.vercel.app,"Many individuals and small businesses in Benin City struggle to access reliable and timely dispatch riders. Traditional logistics options often suffer from long wait times, inconsistent and unstable pricing, limited rider available and a lack of real time delivery tracking. These challenges result in delayed deliveries, uncertainty about delivery status, reduced trust in logistics companies and riders, lost business opportunities and lower customer satisfaction.

Dropaddi addresses these challenges through a technology driven logistics platform that connects customers with nearby dispatch riders for fast, reliable and affordable deliveries. By using location based rider matching, transparent and real time pricing, also with real time delivery tracking, instant rider notifications and a simple request process. Dropaddi enables individuals and small businesses to send packages efficiently while reducing wait times, improving delivery reliability, increasing operational efficiency and enhancing the overall customer experience each time they make a request",logistics,634,381,2365200,12444749,17.5,,,"Since launching in September 2025, Dropaddi has shown steady growth in Benin City. Between September 2025 and June 2026, we generated ₦12.44 million in revenue, with monthly revenue growing from ₦113,004 to ₦2.37 million. During the same period, we completed 3,161 deliveries, increasing from 19 deliveries in our first month to 608 deliveries in June 2026.

We currently serve 220–240 active customers with strong repeat usage and maintain a 90% delivery completion rate. Our platform is trusted by individuals and a growing number of businesses across Benin City, including Genesis Cinemas, IK Pharmacy, Tribal Mark, Spicy Kitchen and several other local businesses, for reliable last mile delivery services.

Although we currently operate only within Benin City, our consistent growth in revenue, deliveries and customer adoption demonstrates strong demand for a fast, reliable and technology-driven logistics solution, giving us a solid foundation for expansion.
",2,"Emmanuel – Operations Lead: Emmanuel handles the operations side of Dropaddi, including daily dispatch operations, rider coordination, customer support and making sure deliveries are completed smoothly and on time.
Miracle – Product and Technology Lead: Miracle handles the product and technology side, including improving the platform, user experience, system performance and implementing new features based on customer feedback and operational needs.
Emmanuel and Miracle – Business and Growth Leads: Both Emmanuel and Miracle work together on business development, partnerships, marketing and growing Dropaddi while making sure the platform continues to meet the needs of customers and businesses.",no,,97000,8,"We will use the grant to strengthen our team by hiring key members who will support our day to day operations. This will allow our current team to spend less time on routine tasks and more time improving our product, building strategic partnerships and executing growth strategies that will drive long term growth.

We will also invest in improving the Dropaddi platform by developing new features, enhancing the user experience, increasing system reliability and using customer and riders feedback to continuously improve the service for customers, riders and logistics partners.

A significant portion of the grant will also be invested in marketing and public awareness to increase Dropaddi's visibility and build trust across Benin City. As more people discover and use our platform, we expect to see an increase in delivery requests, revenue and earning opportunities for the riders and logistics partners who depend on Dropaddi for income.

Finally, we will use the grant to expand our operations into more communities across Edo State and eventually nearby states where access to fast, reliable and affordable delivery services remains limited. This expansion will enable us to create more economic opportunities for riders while helping more individuals and businesses access dependable last mile delivery services.","Over the next 12 months, Dropaddi aims to grow from 500–600 monthly deliveries to over 3,000 monthly deliveries, increase its active customer base to more than 1,000 users and expand its network to over 100 active riders and logistics partners. Building on our growth to ₦2.37 million in monthly revenue, we are targeting over ₦10 million in monthly revenue by scaling delivery volume, expanding into new markets and strengthening partnerships with businesses. At the same time, we will continue to improve our technology, enhance delivery efficiency, create new marketing strategies, improve customer experience and establish Dropaddi as the trusted last mile delivery platform across Benin City before expanding into more communities across Edo State. Our goal is to build a scalable, sustainable logistics platform that creates jobs, empowers local businesses and makes fast, reliable delivery accessible to more people.
",6,"The demand for fast and reliable delivery services is growing as more businesses and individuals need an easy way to send and receive packages. Many people still face challenges such as long waiting times, expensive or unstable delivery fees, and difficulty finding trusted dispatch riders. This creates a huge opportunity for Dropaddi to provide a better and more accessible solution.

What makes Dropaddi different is that we connect customers with the nearest available rider or logistics partner, helping deliveries happen faster and at a lower cost. Our platform also allows independent riders and logistics companies to receive delivery requests, making it easier for them to earn a steady income while serving more customers.

We have also developed a new system that will allow people without smartphones or internet access to request package pickups and deliveries, making Dropaddi accessible offline to customers in markets, busy commercial areas and other underserved communities. Combined with our growing technology, expanding rider network and commitment to making delivery services accessible to everyone, Dropaddi is well positioned to become a trusted last mile delivery platform across Nigeria.
","Dropaddi creates both social and economic impact by making fast and reliable delivery services more accessible while creating income opportunities for riders and logistics partners. As we grow, we will continue to create jobs by expanding our team and onboarding more riders, helping more people earn a sustainable income.

Our platform also helps small businesses reach more customers by giving them an affordable and dependable way to deliver products, allowing them to grow without managing their own delivery operations.

To make our service more inclusive, we have developed an offline request system that will enable people without smartphones or internet access to request package pickups and deliveries. This will extend reliable delivery services to market traders, small business owners and underserved communities that are often left out of digital platforms.

By improving access to logistics, supporting local businesses and creating employment opportunities, Dropaddi is contributing to stronger local economies and making everyday commerce easier for more people.","Our long term vision is to build Dropaddi into the operating system for logistics in Africa, a platform that powers how people, businesses and logistics providers move goods, regardless of where they are or the technology they use.

Beyond connecting customers with the nearest available rider, we are building a logistics marketplace where independent riders, logistics companies and transport providers can all receive delivery requests through one platform. We also aim to become the logistics partner for businesses by integrating directly with e commerce platforms, business tools and order management systems, allowing deliveries to be created automatically as orders are placed.

As our technology grows, we plan to provide our logistics software as a service to logistics companies, enabling them to manage dispatch, tracking, rider operations and customer communication using Dropaddi's technology while operating under their own brand.

We are equally committed to making logistics accessible to everyone by developing offline request channels for people without smartphones or internet access through solutions such as USSD, SMS, phone calls, local agents and other accessible technologies.

Another key part of our vision is building an investment platform that allows individuals and organizations to invest in logistics assets such as motorcycles and other delivery vehicles. Investors will be able to purchase assets through Dropaddi or place their existing assets under our management, earning returns while creating more employment opportunities for riders and increasing delivery capacity across our network.

In the future, Dropaddi will also provide businesses with additional services beyond delivery, including logistics management, business tools, payments and other solutions that help businesses grow. As we expand, we envision connecting logistics networks across multiple African countries, making cross-border deliveries simpler through one trusted platform.

Ultimately, our goal is for customers to think of Dropaddi not as a dispatch company, but as the intelligent infrastructure behind logistics—automatically connecting every delivery request with the best available transport option, whether by bike, car, van, truck or future technologies, while creating economic opportunities and making logistics accessible to everyone.","EYIF should invest in Dropaddi because we are not just building another logistics company, we are building the technology and infrastructure that can redefine how last-mile delivery works in Nigeria and ultimately, across Africa.

We have demonstrated that our model works by achieving consistent growth with limited resources. What has held us back is not the absence of demand but the resources needed to scale faster. With the right support, we can accelerate product development, expand into new markets, reach more businesses and customers and create significantly more income opportunities for riders and logistics partners.

Our vision goes beyond delivering packages. We are building a platform that makes logistics accessible to everyone while creating a connected ecosystem where customers, businesses, riders, logistics companies and future investors can all thrive on one platform.

An investment from EYIF is more than funding for a startup, it is an opportunity to support a scalable Nigerian solution with the potential to transform commerce, create jobs, empower small businesses and shape the future of logistics across Africa.",SCALE,PENDING,2026,2026-07-07T00:33:35.685Z,2026-07-07T00:33:35.685Z,0
6a4c01b1475fb2d1b7b6fffc,Peter,pearlpdn@gmail.com,+2348068022641,35,Resident,"Resident,Business Based",Tiscul Farms ,BN3571460,2020,https://ng.worldorgs.com/catalog/benin-city/farm/tisculfarmeggdepot?utm_source=chatgpt.com,"Its a full agriculture value chain farm, producing Chicken, Eggs and Fish. Currently needs funds to scale up",agriculture,10,20,3000000,52000000,15,0,1892800,"TISCUL FARMS – ONE-PAGE TRACTION DASHBOARD
Company
Tiscul Farms | Poultry & Aquaculture | Edo State, Nigeria
Vision
To become one of Nigeria’s leading AI-enabled commercial farms, delivering high-quality poultry products through technology, operational excellence, and sustainable agriculture.

Current Traction (July 2026)
Business Metrics
Metric	                                Current Performance
Laying Birds	                         360
Farm Capacity	2,000 Layers
Capacity Utilized	18%
Weekly Egg Production	35 Crates
Selling Price	₦5,200 per Crate
Weekly Revenue	₦182,000
Estimated Monthly Revenue	₦728,000
Recurring Customers	5
Average Purchase per Customer	7 Crates/Week

Customer Validation
100% of weekly egg production is sold.
 Five recurring customers purchase consistently every week.
Stable recurring revenue from repeat business.
 Existing demand supports expansion beyond current production.

Customer Economics

Metric	                                                                Value
Revenue per Customer (Weekly)	                        ₦36,400
Estimated Annual Revenue per Customer (LTV)	₦1,892,800
Total Annual Revenue from Existing Customers	₦9,464,000

Growth Opportunity
Current operations utilize only 18% of available poultry capacity.
Scaling from 360 to 2,000 laying birds provides the opportunity to significantly increase production, revenue, and market reach while leveraging existing farm infrastructure.

Competitive Advantage
Reliable supply of fresh eggs.
Existing recurring customer base.
Established production infrastructure with significant expansion capacity.
Founder with over 20 years of leadership experience in journalism, communications, project management, and entrepreneurship.
Roadmap to integrate AI and IoT for smart farm monitoring, inventory management, predictive maintenance, and data-driven decision-making.

12-Month Growth Targets
KPI	                                         Current	                                                 Target
Laying Birds	                         360	                                                         1,000
Weekly Egg Production	         35 Crates	                                         100 Crates
Recurring Customers	          5	                                                          20
Monthly Revenue	                  ₦728,000	                                          ₦2,080,000+

Funding Focus
Investment will be used to:
Expand the laying flock.
Increase feed and production capacity.
Deploy AI and IoT technologies for farm automation.
Grow distribution to supermarkets, hotels, restaurants, and wholesalers.
Strengthen branding, digital marketing, and customer acquisition.

Key Investment Highlights
Recurring weekly revenue
Validated customer demand
Large unused production capacity
Scalable business model
Technology-enabled growth strategy
",4,"Director
1 Supervisor 
2 workers",yes,Bank of Industry,0,0,"The ₦10 million grant will be used to expand Tiscul Farms’ poultry production and improve operational efficiency. Six million will be used to purchase additional 700 layer birds, 2 million Naira will cover monthly operational costs of purchasing layer Marsh, while Two Million Naira will go into repair and purchase of cages, the deployment of AI and IoT technologies for smart farm monitoring and improvements to energy infrastructure through solar power. ","Over the next 12 months, Tiscul Farms aims to expand its laying flock from 360 birds to at least 1,000 birds, increasing weekly egg production from 35 crates to over 100 crates. The business plans to grow its recurring customer base from 5 to at least 20 customers by supplying households, retailers, supermarkets, restaurants and other buyers. The farm will also deploy AI and IoT technologies to improve farm monitoring, automate routine and enhance productivity. These initiatives are expected to significantly increase monthly revenue, improve operational efficiency, strengthen the Tiscul Farms brand, and position the business for further expansion toward its full capacity of 2,000 laying birds.",7,"iscul Farms operates in Nigeria’s growing poultry industry, where demand for fresh eggs continues to rise due to population growth, urbanization, and increasing awareness of affordable sources of protein. Despite this growing demand, the market continues to face supply shortages, creating significant opportunities for efficient and scalable producers.

Tiscul Farms’ competitive advantage lies in its combination of reliable production, recurring customers, available expansion capacity, and a technology-driven growth strategy. Unlike many small-scale poultry farms, Tiscul Farms is integrating Artificial Intelligence (AI) and Internet of Things (IoT) technologies to improve farm monitoring, optimize production, reduce losses, and support data-driven decision-making. With existing infrastructure capable of supporting up to 2,000 laying birds, the business is well positioned to scale production efficiently while maintaining product quality. This combination of operational experience, innovation, and scalability positions Tiscul Farms to meet increasing market demand and compete effectively in the commercial poultry sector.","Tiscul Farms contributes to both economic development and food security by producing affordable, high-quality eggs for households and businesses. As the farm expands, it will create direct employment opportunities for farm workers and indirect opportunities for suppliers, transporters, distributors, and retailers within the local agricultural value chain.

The business is also committed to promoting innovation in agriculture through the adoption of Artificial Intelligence (AI) and Internet of Things (IoT) technologies, demonstrating how technology can improve productivity, reduce waste, and support sustainable farming practices.","Over the next three to five years, Tiscul Farms aims to become a leading technology-driven agribusiness in Nigeria by fully utilizing its existing infrastructure, including a newly acquired farm which has the capacity to accommodate 20,000 laying birds, commercial broiler production, a 20-pig piggery, and expanded catfish production. The business plans to significantly increase egg production while establishing a large-scale broiler operation for meat production, expanding its piggery, and scaling its aquaculture enterprise to diversify revenue streams and strengthen its market position.

Tiscul Farms will leverage Artificial Intelligence (AI) and Internet of Things (IoT) technologies to automate farm operations, improve animal health monitoring, optimize feeding, water quality management, inventory control, and support data-driven decision-making across its poultry, piggery, and fish farming operations. The farm also intends to establish a strong distribution network supplying eggs, broiler chicken, catfish, pork, and other agricultural products to households, supermarkets, hotels, restaurants, processors, schools, and institutional buyers across Nigeria.

In the long term, Tiscul Farms aspires to become a model for smart, sustainable agriculture by integrating poultry, broiler production, piggery, and aquaculture into a modern, technology-enabled farming system. Through continuous innovation, increased local food production, job creation, and environmentally responsible farming practices, the business aims to make a significant contribution to Nigeria’s food security, economic development, and agricultural transformation.","Tiscul Farms is a scalable agribusiness with proven market demand, recurring customers, and significant room for expansion. The business is already generating revenue from egg production and has established a loyal customer base, demonstrating that its products meet a genuine market need. With infrastructure capable of supporting up to 20,000 laying birds, as well as broiler production, piggery, and catfish farming, the business is well positioned for rapid growth.

An investment from EYIF will enable Tiscul Farms to accelerate this growth by expanding production capacity, adopting AI and IoT technologies for smart farm management, and strengthening its distribution network. These investments will increase productivity, improve operational efficiency, create sustainable jobs, and enhance food security by making affordable, high-quality animal protein more accessible.

Beyond financial returns, Tiscul Farms is committed to building a modern, technology-driven agricultural enterprise that demonstrates how innovation can transform farming in Nigeria. EYIF’s investment will help scale a sustainable business with measurable economic and social impact while supporting youth entrepreneurship, agricultural innovation, and inclusive economic growth.",SCALE,PENDING,2026,2026-07-06T19:27:46.000Z,2026-07-06T19:27:46.000Z,0
6a47f6cbe135f4a6d87a38ff,Okungbowa Osamuyimen ,okungbowaosamuyimen@gmail.com,08138008545,34,Resident,"Resident,Indigene,Business Based",Muyis crafts house ,RC3065385,2020,https://www.instagram.com/m.c.h.ng?igsh=MTMxZDE1ZzF2MGdsZg%3D%3D&utm_source=qr,"Problem:
Many men in Benin City struggle to find skilled tailors who consistently produce premium-quality, well-fitted clothing and deliver on time. At the same time, many young people interested in tailoring lack access to quality training and employment opportunities.

Solution:
Muyi’s Craft House designs and produces premium traditional and corporate menswear with excellent craftsmanship, accurate fitting, and reliable delivery. We also create employment by training and hiring young people, equipping them with practical tailoring skills and sustainable livelihoods.",other,80,25,800000,9600000,10,4000,350000,"Muyi’s Craft House operates from its workshop in GRA, Benin City. Despite having only three industrial machines and a small team, the business consistently serves repeat customers and generates steady monthly revenue. Our clients come through referrals and repeat patronage because of our quality finishing, accurate fitting, and timely delivery. We also serve customers outside Edo State and operate without outstanding debt.",4,"Osamuyimen Okungbowa: Founder & Creative Director
* Business management
* Client consultation and measurement
* Pattern drafting
* Quality control

Success Laila: Tailoring Assistant
* Fabric cutting
* Garment sewing
* Finishing and ironing

Leane Wisdom: Quality Control 

Aruna Abdulazeez: Delivery and Logistics ",no,No. The business was started with personal savings. ,450000,0,"How will you use the ₦10 Million Grant?

The grant will be invested directly into expanding production capacity and creating employment.

* ₦4,500,000 – Purchase five industrial sewing and finishing machines.
* ₦2,000,000 – Rent and equip a larger production workshop.
* ₦1,500,000 – Purchase premium fabrics and production materials in bulk.
* ₦1,000,000 – Develop an e-commerce website, branding, and digital marketing.
* ₦1,000,000 – Install a solar backup power system to improve uninterrupted production.","Within 12 months we aim to:

* Increase production from about 5 garments daily to over 25 garments daily.
* Launch a Ready-to-Wear menswear collection.
* Increase monthly revenue by more than 150%.
* Expand sales to customers across Nigeria through online channels.
* Recruit and train additional young tailors.
* Establish Muyi’s Craft House as one of the leading premium menswear brands in Edo State.",8,"Muyi’s Craft House has a competitive advantage through:

* Prime location in GRA, Benin City.
* High-quality craftsmanship.
* Consistent and accurate fitting using professional pattern-making.
* Strong customer satisfaction and repeat patronage.
* Personalized customer service and dependable delivery timelines.","Muyi’s Craft House contributes to economic development by creating jobs and equipping young people with employable tailoring skills. We source many of our materials from local suppliers, supporting businesses within Edo State. As the business grows, it will reduce youth unemployment, promote entrepreneurship, and contribute to the growth of Nigeria’s fashion industry.","Within the next five years, Muyi’s Craft House aims to become a leading premium menswear manufacturing company with a modern production facility in Benin City. We plan to supply customers across Nigeria and export quality Made-in-Nigeria clothing to international markets while creating sustainable employment opportunities for young people.","Muyi’s Craft House is already a functioning business with loyal customers, proven demand, and consistent monthly revenue. The business has outgrown its current production capacity, and demand exceeds what our present equipment and workforce can handle.

An investment from EYIF will enable us to expand production, create at least eight new jobs, train more young people, adopt modern equipment, and build a scalable fashion manufacturing business that contributes to Edo State’s economy. The grant will have a measurable impact on employment, local manufacturing, and youth empowerment while positioning Muyi’s Craft House for long-term growth.",SCALE,PENDING,2026,2026-07-03T17:52:11.162Z,2026-07-03T17:52:11.162Z,0
6a4728aa926333b5e2d84f6c,Oriaifo Wisdom Leane ,loriaifo@yahoo.com,07033811453,35,Resident,"Resident,Indigene,Business Based",Helm and Hills Ltd ,RC1410442,2017,https://handh.com,"Problem: Many communities and institutions in Edo State, most especially in my sphere of contact, face inconsistent access to clean, affordable, and hygienic drinking water, driving up public health risks. Concurrently, high youth underemployment persists due to a shortage of expanding local manufacturing industries. 

Solution: Helm & Hills Ltd. manufactures CITABUE Table Water (60cl), a premium, multi-stage purified sachet water that delivers safe hydration at an affordable price point. By leveraging an optimized, company-owned distribution network, we bridge the supply gap while actively creating direct manufacturing and logistics jobs for local youth.",other,50,40,6500000,78000000,8,15000,1,"Established in 2017, Helm & Hills Ltd. has a 9-year operational track record. We currently generate ~₦6.5M in monthly revenue, producing 500–600 bags of CITABUE Table Water daily. Our distribution actively spans three Local Government Areas (LGAs) in Edo State, sustained by our company-owned factory, dedicated borehole source, delivery fleet, and an existing workforce of 11 direct employees. ",11,"1. Wisdom Oriaifo (Founder & CEO): Leads strategic growth, capital allocation, and overall operational execution.

2. Stanley Brown: Operations Manager: Oversees daily factory floor activities, mechanical run-time, and shift scheduling.

3. Dr Ebosele Wilson: Quality Assurance Officer: Ensures strict compliance with purification, hygiene standards, and regulatory benchmarks.

4. Mr Odion Napoleon: Logistics Coordinator: Manages the delivery truck fleet, route optimization, and wholesale fulfillment schedules.",yes,"1. From Relatives 5.5Million Naira 
2. From a Cooperative 2Million Naira",5100000,3,"The ₦10,000,000 grant will be fully deployed into factory scaling and logistics optimization:

₦4,000,000: Upgrading and purchasing high-capacity automatic sealing machines and advanced reverse osmosis filtration components to double daily production.

₦2,500,000: Fleet overhaul and route optimization to expand our logistics reach into unserved zones.

₦1,500,000: Bulk procurement of printed packaging film and chemicals to lower unit manufacturing costs.

₦1,000,000: Brand marketing, retail signage, and field entry into new markets.

₦1,000,000: Temporary working capital to onboard and train new factory hands and sales drivers.","Revenue: Scale annual revenue from ₦78M to ₦100m

Production Volume: Double output from 500–600 bags daily to 1000+ bags daily.

Market Expansion: Successfully enter and capture significant market share in at least two additional LGAs in Edo State.

Client Base: Onboard 20-30+ new wholesale distributors. ",38,"Market Opportunity: Rapid urbanization and dense household concentrations in urban/peri-urban Edo State create an escalating, non-negotiable daily demand for packaged clean water.

Competitive Advantage: Helm & Hills Ltd. operates from a fully company-owned factory, completely eliminating rental overheads. Combined with our existing industrial borehole, active delivery trucks, established workforce, and 9 year market history, we maintain lower marginal costs and higher delivery reliability than local competitors.","Helm & Hills strengthens the local economy by providing sustainable employment to Edo youth, especially okhun community youths, keeping supply chains internal and boosting the household incomes of hundreds of female micro vendors who retail our water. Also, we will directly safeguard public health by offering an affordable barrier against waterborne illnesses through verified, high quality hydration.","To scale Helm & Hills Ltd. into a leading, fully digitized consumer goods manufacturing hub in Edo state. Within 5 years, we aim to diversify our product lines, commence production of bottled water, expand operations across the entire state and sustain a workforce of over 50 direct youth employees.","EYIF should invest in Helm & Hills Ltd. because we are an investment ready, highly resilient business with proven traction, generating a steady ₦6.5M monthly revenue. Unlike early stage concepts, this ₦10M grant will not be used for basic survival, it will act as a pure growth catalyst to instantly scale a proven model, double our output and create measurable, longterm employment and health impacts for youth and communities across in our sphere of contact .",SCALE,PENDING,2026,2026-07-03T03:12:42.022Z,2026-07-03T03:12:42.095Z,0
6a46885c91bfdae4ccb004d5,Joshua edosomwan kuranga ,joshua07053@gmail.com,0702 541 0448,30,Business Based,Business Based,SUPERJAY TECH & ICEBLOCK LTD,1556680,2020,https://www.superjaytech.com,"In an interview with staff of PepsiCo in Edo state Benin, the manager stated that the atmosphere was hot in Edo state Nigeria and that people patronised them for products to cool and sell.

In another interview with the manager of Noslink nig ltd the manager Mr. Saturday stated that dealers of can drinks are in need of deep freezers to cool PepsiCo products.

Our solution at SUPERJAY TECH is two. The first is the production of our large solar deep freezers to provide ice block solutions to PepsiCo dealers so that they can sell at the markets.

The second is my app yoyo.ng
We started development of my app in 2019 after the COVID-19 epidemic.

It is an online classified advertisement platform and website for advertising goods and services ",ecommerce,30,30,30000,360000,1,3500,3500,www.superjaytech.com,15,Mrs uwa CEO enina group of schools adviser,yes,160 thousand from my mother Mrs Doris eke,1000,76,"I will use it to produce heavy duty ice block making matching.

I will use it to complete my app

I will employ a secretary 
I will employ security 
I will advertise on itv radio 
I will make banners,complimentary cards,flyers and posters that I can place in front of stores to advertise my company services.","In 12 Months time I will have completed my marketing campaign, 
I will conduct a welding workshop 
I will conduct a furniture workshop 
I will conduct a graphic design and photography workshop 
I will conduct a tayloring workshop 
I will conduct a barbing workshop
I will conduct a solar workshop 
I will also train people on freezer construction.",89,"Cooler boxes ,deep freezer, fridges and solar  is the future of technology, we will make money by helping pure water factory and bottling company to market their products.","Creation of paid employees personally 
Training, workshop strategic business partnerships","1.invest in stocks
2.marketing campaign
3.app lunch
4.book lunch","This is the future of technology we will create jobs and titles through strategic global investment infrastructure tactics and business development conventions.
This will rank us an one of the most efficient manufacturers today.",SCALE,PENDING,2026,2026-07-02T15:48:44.691Z,2026-07-02T15:48:44.691Z,0
6a4620a7c800306d124c04a9,Oladipo Augustus,augustusoladipo@gmail.com,09066826312,29,Resident,"Resident,Business Based",IMG ENERGIES LTD,8069622,2024,https://imgenergies.com/,"Nigeria's industrial, energy, construction, and manufacturing sectors continue to face significant procurement challenges that hinder productivity and economic growth. Businesses often struggle to source genuine industrial equipment, engineering materials, safety gear, and specialized tools from reliable suppliers, leading to project delays, equipment failures, increased operational costs, and workplace safety risks. The prevalence of counterfeit and substandard products further compounds these challenges, while fragmented supply chains force companies to engage multiple vendors, resulting in inefficiencies, longer lead times, and reduced competitiveness. For many organizations, these procurement bottlenecks translate into costly downtime, missed project deadlines, and lost business opportunities.

IMG ENERGIES LTD therefore exists to bridge this critical gap by providing a dependable, end-to-end industrial procurement and supply solution that enables businesses to access authentic, high-quality equipment and engineering materials quickly and efficiently. Through a trusted global sourcing network, technical procurement expertise, and a commitment to quality assurance, the company delivers certified industrial products, PPE, marine and safety equipment, steel products, and specialized oil and gas tools that meet international standards. By simplifying procurement, reducing lead times, ensuring product authenticity, and offering tailored sourcing solutions, IMG Energies empowers businesses to operate more safely, complete projects on schedule, lower operational costs, and contribute to the sustainable growth and industrial development of Nigeria.",other,5,5,5000000,73300000,10.5,85000,5800000,https://drive.google.com/drive/folders/1cx00jdc0SEQilExqF_xcHXT55KCiLPkb?usp=sharing,6,"Augustus Oladipo - Director
Merry Augustus - Co-Director
Oveh Emmanuel - Chief Accounting Officer
Olaoluwa Richard - Technology Officer
Frank Oveh - Logistics Officer
Onyioba Chikason - Procurement Officer",no,,4000000,6,"The ₦10 million grant will be invested to strengthen our capacity to meet the growing demand for industrial procurement and engineering supply services across Nigeria. Approximately 45% (₦4.5 million) will provide working capital to support larger procurement contracts and improve cash flow. This investment will position us for sustainable growth while increasing our capacity to provide reliable industrial procurement solutions that improve productivity, workplace safety, and operational efficiency for businesses across Nigeria. 

A further 15% (₦1.5 million) will support business development, digital marketing, website optimization, and customer acquisition to expand our reach into new industrial sectors and geographic markets. 10% (₦1 million) will be used to recruit and train additional employees in procurement, sales, and operations, creating new employment opportunities for young Nigerians. 10% (₦1 million) will be used to procure high-demand inventory such as industrial safety equipment, lifting gear, engineering consumables, steel products, and specialized oil and gas materials, enabling us to fulfill customer orders more quickly and reduce dependence on lengthy import lead times. The remaining 20% (₦2 million) will be invested in warehouse improvements, logistics, and inventory management systems to improve operational efficiency and product availability.","Within the next 12 months, we aim to increase annual revenue by 60%, from ₦73.3 million to over ₦117 million, by expanding our customer base within the oil and gas, marine, manufacturing, construction, and energy sectors. We also plan to increase our inventory capacity, reduce average procurement lead times by 30%, and improve customer retention through faster deliveries and enhanced after-sales support. Additionally, we target onboarding at least 10 new national/international oil companies while maintaining a high percentage of repeat business through quality service and dependable product sourcing.

Operationally, we intend to create 5–8 new full-time jobs and several others as part-time roles in procurement, logistics, sales, and customer support, while strengthening partnerships with reputable local and international manufacturers. We will continue investing in digital procurement systems and business development initiatives to expand our national reach and improve efficiency. These growth initiatives will enable IMG Energies Ltd. to become a leading industrial procurement partner for businesses across Nigeria while contributing to employment generation, industrial development, and safer workplaces.",15,"Nigeria's industrial, oil and gas, construction, marine, manufacturing, and energy sectors represent a multi-billion-naira market with a growing demand for reliable industrial procurement and engineering supply services. As infrastructure development, local manufacturing, and energy projects continue to expand, businesses require timely access to genuine industrial equipment, structural steel, safety products, lifting equipment, and engineering consumables. However, many organizations still face procurement delays, counterfeit products, fragmented supplier networks, and high sourcing costs, creating a significant opportunity for a dependable procurement partner.

We differentiate ourself by offering an end-to-end procurement solution built on quality assurance, technical expertise, and dependable customer service. Rather than simply supplying products, we help clients identify the right technical specifications, source authentic equipment from trusted manufacturers, and deliver products within agreed timelines. Our growing supplier network, customer-focused approach, and ability to source difficult-to-find industrial materials position us as a trusted procurement partner capable of supporting projects across multiple industries. This combination of reliability, technical knowledge, and responsive service provides a strong competitive advantage in a market where trust and product quality are essential.","We contribute to Nigeria's industrial development by improving access to high-quality engineering materials and industrial equipment that enable businesses to operate safely, efficiently, and productively. By supplying genuine products that meet recognized quality standards, we help reduce equipment failures, improve workplace safety, minimize project delays, and support the successful execution of industrial and infrastructure projects. Our services also reduce the risks associated with counterfeit and substandard industrial products, helping clients protect both their investments and their workforce.

As the business grows, we are committed to creating employment opportunities for young Nigerians in procurement, logistics, sales, customer service, and operations. We also support local contractors, manufacturers, and engineering firms by providing reliable procurement services that strengthen their competitiveness and operational efficiency. Through these efforts, we contribute to the economic growth, job creation, stronger industrial supply chains, and the broader goal of sustainable industrialization in Nigeria.","Over the next three to five years, We aim to become one of Nigeria's leading industrial procurement and engineering supply companies, recognized for reliability, product quality, and exceptional customer service. We plan to expand our operations across key industrial hubs, increase our inventory capacity, establish stronger partnerships with international manufacturers, and leverage digital technologies to make industrial procurement faster, more transparent, and more efficient for businesses nationwide.

We also intend to broaden our service offering by developing comprehensive supply chain solutions that include inventory management support, strategic sourcing, and technical procurement advisory services. Our long-term goal is to build a business that not only delivers sustainable financial growth but also strengthens Nigeria's industrial ecosystem by supporting local manufacturing, creating quality jobs, and improving access to world-class industrial products and engineering solutions.","We have already demonstrated market demand through existing operations, customer relationships, and revenue generation. We have built a strong foundation by solving real procurement challenges faced by businesses across Nigeria's industrial sectors. An investment from the Edo Youth Impact Forum will enable us to scale our operations by increasing inventory, strengthening logistics, expanding our supplier network, investing in technology, and creating new employment opportunities for young people. This will improve our ability to serve more customers, reduce procurement lead times, and deliver greater value to Nigerian industries.

Beyond financial growth, investing in us is an investment in Nigeria's industrial future. Our business directly supports safer workplaces, more efficient infrastructure development, and stronger local supply chains by ensuring that businesses have reliable access to genuine industrial equipment and engineering materials. With a proven business model, a growing market, and a clear strategy for expansion, we are well positioned to convert grant funding into measurable economic impact, sustainable job creation, and long-term business growth.",SCALE,PENDING,2026,2026-07-02T08:26:15.692Z,2026-07-02T08:26:15.692Z,0
6a439f5817013737e82c7988,Benison Amacity Ihueghian,ihueghianbenison@gmail.com,09032608772,30,Resident,"Resident,Indigene,Business Based",Amacity Engineering Services,RC:3468015,2021,https://Amacity.netlify.app,"There's Electric power failure in Edo State and it's becomes a problem when small and medium businesses are finding it so difficult to run their businesses. So our solution to this problem is to first create awareness that they shouldn't wait for NEPA light before they can run their businesses successfully, with the help of Clean and Renewuable Energy, they can generate their energy with the help of Solar panels by themselves. The secondly, we'll show them different affordable setups that can help them grow their businesses. Lastly, we can still give them any packages to start using while they complete their payment installmentally.",cleantech,50,3,1200000,14400000,3,25000,2000000,https://amacity.netlify.app/#testimonials,3,"Manager: Run day to day activity of the company
Secretary: Takes Orders, process it and make sure it's delivered.
Installers: They installed any Solar system that is purchased from our company",no,,300000,1,"Below is the breakdown of how I will use the N10m.
1. I'll use 5m to purchase 10 mini solar system setups for small Businesses.
2. I'll use 4.5m to purchase 4 medium solar system setups for medium businesses.
3. I'll us 200k for Google, Facebook and other social media advertisement.
4. I'll use the remaining 300k to employ 3 laborers; Digital marketer, stockkeeper and Accountant.
4. I'll use","In 12 month, our annual revenue must have increased by 30%. As a company, we should be planning of replicating ourselves in another strategical location as growth demands.
",3,"As a company, we should be open for investors as an opportunity to grow more and to be able to compete with our competitors in the market of Clean Renewable Energy.","- With clean energy, we will be able to reduce the constant release of carbonmonoxide to the atmosphere by the traditional Generator.
- By encouraging small and medium businesses to run on clean and renewable energy, it will help to boost the economy of Edo State by making the businesses to run smoothly even when there's power outages from the conventional NEPA Light (BEDC).","In 3 to 5 years from now, Amacity Engineering Services must have been one of the leading company on Clean and Renewable Solar Energy in Edo State with more than 3 Branches and 7 to 10 workers employed which will also reduce the rate of unemployment in the State.","- EYIF should invest in my startup because, we as a company have the potential of removing many Young people from the street to becoming an entrepreneurs of tomorrow.
- we also have the potential of boosting the economy of the state by providing Clean and Renewable Energy for mini and medium marketers across Edo State.",SCALE,PENDING,2026,2026-06-30T10:50:00.524Z,2026-06-30T10:50:00.524Z,0
6a42b3455cfb9a91e9344da9,Amenaghawon Osakpolor miracle ,miracleamen22@gmail.com,9068160320,24,Resident,"Resident,Indigene,Business Based",Imperial movers ,32951308-0001,2024,https://www.facebook.com/share/1DBUXV5mZ3/?mibextid=wwXIfr,We deal on relocation of household properties and offices equipment across interstate and within Edo state ,logistics,114,8,2000000,7000000,3,700,12000,Impe.rialmovers01,4,"Manager  of operations 
Social media manager 
2 drivers 
4 loaders ",no,,200,200000,"Get an office space to include warehousing 
Build a website 
","Opening new location 
Getting new trucks ",5,"It is a very big market opportunity with less competition especially in Benin 
Making seamless home relocation easy and affordable 
",More jobs build trust especially since we are running roads ,"The future of moving is the motto of my company 
The long term vision is to blend technology into logistics 
With the use of drone delivery and other ideas ",It is a startup with lots of potential with the investment we are scaling up ,SCALE,PENDING,2026,2026-06-29T18:02:45.062Z,2026-06-29T18:02:45.062Z,0
6a4219cd314f712361f6b687,Momoh Abraham ,momohfooties@gmail.com,08139736731,28,Indigene,Indigene,Momohfooties ,8344621,2024,https://www.instagram.com/momohfooties_?igsh=cG11aGt3bGliMmJk,"At Momohfooties, we solve a common problem in the footwear market: many consumers struggle to find shoes that are both stylish and durable at an affordable price. Most mass-produced shoes wear out quickly, leading customers to spend more money replacing them. We provide handcrafted alternatives built with premium materials and expert workmanship that stand the test of time.

Our product range includes: sandals, Birken-style footwear, bespoke shoes booths,slippers, loafers, half shoes, and custom-made designs. Every pair is carefully crafted with attention to detail, ensuring exceptional quality and customer satisfaction.",other,30,15,270000,3120000,25000,25000,50000,"Over 1000+ pairs of handmade shoes sold

60% customer satisfaction (based on reviews and repeat customers)

 Consistent month-on-month sales growth


Customer Testimonials:

The quality exceeded my expectations. Momohfooties is now my go-to brand for handmade footwear."" Mr ekene.


Case Study

Mr Christopher, Needed premium handmade footwear delivered within a short deadline.
Momohfooties produced and delivered custom-made shoes on schedule.

100% on-time delivery and 
Repeat orders from the client,and also
Customer referrals that generated new sales


Media & Online Presence

Instagram: @Momohfooties 
Facebook:@Momohfooties 
Tiktok:Momohfooties",3,"Momoh Abraham: Founder & CEO: Leads business strategy, product development, production, sales, marketing, and customer service.",no,,160000,2,"I will use 3,000,000 to purchase industrial sewing machines, filling,  machines, finishing equipment, and tools to increase production capacity.

2,500,000	Buy premium leather, soles, accessories, and other materials in bulk to reduce costs and meet growing demand.

	2,000,000	Recruit and train skilled shoemakers, production assistants, and a marketing officer.

1,500,000	Upgrade the production workshop, improve power supply, storage, and workspace efficiency.

700,000	Invest in digital marketing, content creation, branding, and customer acquisition campaigns.

300,000	Cover logistics, utilities, and other operating expenses during the expansion phase.","I will build capacity by purchasing new production equipment and tools.
Upgrade the workshop and improve production processes.
Recruit and train new production staff.
Increase inventory of premium leather and materials. The next thing is to
Launch targeted digital marketing campaigns.
Strengthen WhatsApp and Instagram sales channels.
Partner with retailers, corporate organizations, and fashion brands.
Increase monthly production to meet growing demand. Afterwards, my team and I will introduce new footwear collections and custom-made products.
And also
Expand the shoemaking training program to train more students.
Build a network of distributors and brand ambassadors.
Also, we will create 6 new jobs to
Strengthen the Momohfooties brand as a leading premium handmade footwear company.",8,"Market Opportunity

Nigeria has a large market for quality footwear, driven by a young population, increasing interest in locally made products, and demand for durable, stylish shoes. There is also a growing opportunity in vocational skills training, as more young people seek practical, income-generating skills such as shoemaking.

Momohfooties serve both markets by producing premium handmade footwear and offering professional shoemaking training, creating multiple revenue streams.

Momohfooties advantage 
Premium Craftsmanship: Every pair is handcrafted using high-quality materials for durability, comfort, and style.

Dual Business Model: Momohfooties generate income from both footwear sales and shoemaking training, creating diversified revenue.

Customization: Customers can order shoes tailored to their style, size, and preferences.

Skilled Workforce Development: The business trains aspiring shoemakers, creating employment opportunities while expanding industry skills.

Strong Digital Presence: Sales and customer engagement are driven through Instagram, WhatsApp, and referrals, allowing the brand to reach customers across Nigeria.","Create 5–8 new jobs.

Train 50+ aspiring shoemakers.

Increase local production capacity by 300%.

Expand access to premium, handmade Nigerian footwear across the country.","Momohfooties aims to become one of Nigeria's leading premium handmade footwear brands, recognized for exceptional craftsmanship, innovation, and skills development.

Our vision is to establish a modern footwear manufacturing and training center with increased production capacity.

Create 30–50 direct and indirect jobs for artisans, sales professionals, and administrative staff.

Train 500+ young people in professional shoemaking, equipping them with practical skills and supporting entrepreneurship.

Expand sales nationwide through retail partnerships, e-commerce, and corporate contracts.

Build a trusted African footwear brand with a reputation for quality and eventually expand into selected West African markets.

Operate a sustainable business that delivers strong financial performance while contributing to youth employment, local manufacturing, and economical growth","EYIF should invest in Momohfooties because we are building more than a footwear business.we are creating jobs, developing skills, and promoting local manufacturing in Nigeria.

Our business has already demonstrated demand through consistent sales and hands-on shoemaking training. With investment, we can significantly increase production capacity, hire more skilled workers, and train more young people to become self-employed entrepreneurs.

The ₦10 million investment will enable us to scale operations, improve product quality, strengthen our brand, and expand our market reach across Nigeria. This growth will result in increased revenue, sustainable employment, and greater economic impact.

Momohfooties align with EYIF mission by:

Creating employment opportunities for young Nigerians.

Empowering youth through practical vocational training.

Supporting local manufacturing and reducing reliance on imported footwear.

Building a sustainable business with strong growth potential and measurable social impact.
At Momohfooties, every investment creates more than shoes. It creates skills, jobs, businesses, and opportunities that strengthen communities and contribute to Nigeria's economic development.",SCALE,PENDING,2026,2026-06-29T07:07:57.749Z,2026-06-29T07:07:57.750Z,0
6a3bce0c79d0b555152265f7,Oluwakemi Olaniyan ,akoredeoluwakemi@gmail.com,07039806526,25,Indigene,Indigene,ATAs Nutraboom Nutrition ,3691024,2022,https://www.thenutraboom.com/,"Problem:
Millions of Nigerian children suffer from malnutrition and poor nutrition during the critical weaning stage. Parents often rely on expensive imported baby foods that are unaffordable for many families and contain artificial additives. At the same time, nutrient-rich local crops remain underutilized, limiting income opportunities for smallholder farmers.

Solution:
Nutraboom Nutrition produces affordable, premium, preservative-free infant cereals made from locally sourced grains, fruits, vegetables, and proteins. Through our Nutrova product range, we provide nutritious, convenient, and culturally relevant feeding solutions that improve child nutrition while creating sustainable demand for Nigerian agricultural produce.",agriculture,5000,300,3000000,36000000,15,2000,3000,"Nutraboom Nutrition has demonstrated strong commercial traction, generating approximately ₦3,000,000 in monthly revenue and an annualized revenue of over ₦36,000,000. Our products are stocked in major retail chains including Jendol Superstores (14+ locations), Reno Supermarket, Ace Supermarket, and First Virgo Supermarket, providing nationwide market access and visibility.

We have built a growing customer base through repeat purchases, referrals, and distributor partnerships. Beyond Nigeria, we have successfully fulfilled orders to customers in other African countries, the United States, and Turkey, validating international demand. Our premium rebrand, expanding retail footprint, and increasing consumer adoption position Nutraboom for rapid scale across Nigeria's infant nutrition market.

Instagram- @nutraboomnutrituon_nutrova",5,"Oluwakemi Olaniyan – Founder & CEO: Leads business strategy, product development, partnerships, and growth.

Production Manager: Oversees manufacturing, quality control, inventory, and production efficiency.

Sales & Distribution Lead: Manages supermarket relationships, distributors, and route-to-market expansion.

Marketing & Customer Engagement Officer: Drives brand awareness, digital marketing, customer acquisition, and retention.

Operations & Administration Officer: Handles procurement, logistics, finance coordination, and day-to-day operations.",yes,"Yes. Nutraboom Nutrition has previously received funding and growth support from reputable entrepreneurship and business development programs. In 2022, we received €4,000 from Orange Corners Nigeria to support business growth and market expansion. We also received ₦1,350,000 from the Akem Foundation to strengthen operations, product development, and scaling efforts.",2200000,12,"Nutraboom will deploy the ₦10 million grant to accelerate production capacity, distribution expansion, and market penetration.

Allocation Breakdown:
- 40% (₦4M): Production equipment and automation to increase output, improve efficiency, and reduce production costs.

- 25% (₦2.5M): Raw material procurement through direct sourcing from local farmers to ensure consistent supply and lower input costs.

- 15% (₦1.5M): Sales and distribution expansion into additional supermarkets, pharmacies, and retail outlets across Nigeria.

- 10% (₦1M): Marketing and brand awareness campaigns to drive customer acquisition and retention.

- 10% (₦1M): Team expansion and operational support including logistics, quality assurance, and inventory management.","Within 12 months, Nutraboom aims to:

- Increase monthly revenue from ₦3 million to ₦8 million.
- Grow annual revenue to over ₦90 million.
- Expand retail presence from current listings to over 100 retail locations nationwide.
- Increase customer reach to over 10,000 families.
- Strengthen distribution across major cities in Nigeria.
- Increase production capacity by at least 200%.
- Establish stronger sourcing partnerships with local grain and crop farmers.",10,"Nigeria has one of Africa's largest infant and young child populations, creating significant demand for affordable and nutritious weaning foods. The market remains dominated by expensive imported brands that are inaccessible to many families.

Nutraboom's competitive advantage lies in its use of locally sourced ingredients, premium product quality, affordability, strong nutritional formulation, growing retail footprint, and proven consumer acceptance. Unlike imported alternatives, our products are specifically designed for local feeding needs while supporting Nigeria's agricultural value chain.","Nutraboom addresses childhood malnutrition by providing nutrient-dense, preservative-free infant nutrition products that improve feeding outcomes during critical growth stages. Our business creates sustainable demand for locally grown crops, increasing income opportunities for farmers and strengthening agricultural value chains. As we scale, we will generate employment, support local manufacturing, and contribute to food security and economic development across Nigeria.","Over the next 3–5 years, Nutraboom aims to become one of Africa's leading indigenous infant nutrition brands, serving hundreds of thousands of families through a diversified portfolio of science-backed nutrition products. We plan to expand production capacity, deepen partnerships with local farmers, achieve nationwide distribution, and establish export channels across Africa, Europe, and North America. Our vision is to build a globally recognized African nutrition company that improves child health outcomes while creating lasting economic value across the agricultural ecosystem.","EYIF should invest in Nutraboom Nutrition because we have already demonstrated what many startups are still trying to prove: product-market fit, revenue generation, retail acceptance, and measurable social impact. 

We are solving a critical challenge -child malnutrition, through affordable, nutritious, locally produced infant foods made from Nigerian agricultural commodities.

With over ₦36 million in annualized revenue, placement in major supermarket chains including Jendol Superstores, Reno Supermarket, Ace Supermarket, and First Virgo Supermarket, and growing customer demand, Nutraboom is positioned for rapid scale. The ₦10 million grant will not be used to test an idea; it will be used to accelerate a proven business.

Beyond commercial success, Nutraboom creates impact across the agricultural value chain by increasing demand for locally sourced grains and crops, supporting farmers, creating jobs, reducing dependence on imported baby foods, and improving nutrition outcomes for children. EYIF's investment will help scale a Nigerian-made solution with the potential to transform child nutrition, strengthen food security, and build a globally competitive agribusiness brand from Africa.",SCALE,PENDING,2026,2026-06-24T12:31:08.114Z,2026-06-24T12:31:08.114Z,0
6a39b3eacb649ea0747b0aa0,Emmanuel Ehimen Omoegbeleghan,e.ehimen@welupdigital.com,09030083266,27,Resident,"Resident,Indigene,Business Based",Welup Digital Limited,7009823,2021,https://www.welupdigital.com/,"THE PROBLEM:

The Unemployment rate among Youth aged (18-35years) in Nigeria has consistently been on the rise.  From our research, we have  identified a two-pronged problem stifling youth employment in Nigeria, particularly in Edo State and the South South region.

Skills Gap: The traditional education system fails to equip graduates with the in-demand tech skills required for high growth careers.

Affordability & Limited Access: Quality tech training is often expensive, limiting access for underprivileged youth and
hindering economic mobility



CONSEQUENCES OF THE PROBLEM:

High Unemployment Rates: Young Nigerians struggle to find jobs due to a lack of relevant skills.

Unfulfilled Job Market Needs: Companies struggle to find qualified tech talent, hindering economic development.

Limited Economic Opportunities: Without access to proper training, young Nigerians miss out on high-paying tech jobs, perpetuating the cycle of poverty.



SOLUTION: WELUP DIGITAL
Welup Digital tackles these challenges by providing:

Affordable Tech Training: 
Offering virtual and on-site courses at a significantly lower cost than traditional institutions.

In-Demand Skills Curriculum: 
Focusing on high-growth fields like Data Analysis, Cybersecurity, Digital Marketing, Product and UI/UX Design, Business Analysis, Full-Stack Web Development, and AI Mastery.

We go beyond just training, we provide:
- 24/7 support: Ensuring constant learning assistance.
- Internship & job placement: Guaranteeing opportunities within 90 days.
- Individualized mentorship: Empowering students with career guidance.

Fostering an Inclusive and Supportive Community:
We Build a strong network of learners, alumni, instructors, and industry professionals, promoting collaboration, knowledge-sharing, and peer-to-peer learning.
",education,3963,116,34825299,2902108,2,35000,420000,https://drive.google.com/drive/folders/1hB2QZ_61tqs856esACikXTEjzyzuVITy?usp=sharing,13,"Leonard Kelvin
Co-Founder/CEO

Emmanuel Ehimen
Co-Founder/COO

Wisdom Onoriode
Co-Founder/CTO

Praise Olumese
Co-Founder/CFO

Kemi Jimoh
Customer Experience Manager

Aisosa Osaigbovo
Admin/HR",no,,2720000,6,"How will you use the ₦10M grant?

Welup Digital will deploy the ₦10,000,000 grant across two strategic priorities designed to reduce operational costs, increase student capacity, and accelerate growth in Edo State and the broader South-South region.

1. Learning Management System (LMS) Development: ₦6,500,000 (65%)
The single largest operational constraint limiting Welup Digital's ability to scale is the absence of a proprietary Learning Management System. Currently, delivering training at volume requires significant human resource overhead, manual coordination across multiple tools, and recurring costs that compress margins and limit how many students we can serve simultaneously.

Building a dedicated LMS solves this structurally. The platform will centralise course delivery, student progress tracking, assessments, mentor communication, certification issuance, and job placement coordination in one system. Once built, the cost of adding each additional student drops significantly, making it possible to serve Edo State's youth at scale without a proportional increase in operational expenditure.

The LMS will be built with the following capabilities:
Self-paced and cohort-based course delivery across all existing Welup skill tracks. Automated progress tracking, assessment, and certification. Employer portal for direct graduate recruitment. Scholarship and bursary management module for tracking and administering access funds. Analytics dashboard for real-time program performance monitoring and impact reporting.

2. Marketing and Student Acquisition: ₦2,500,000 (25%)
With the LMS infrastructure in place, the second priority is demand generation, specifically targeted at Edo State and the South-South region. This allocation funds a structured marketing campaign to recruit students into the first Welup Edo cohort, build brand awareness within the state, and establish Welup Digital as the leading digital skills training provider for Edo's youth.
Channels will include targeted digital advertising, community-based outreach partnerships with existing Edo institutions and youth organisations, and a referral program leveraging the 142 Edo students already trained through our programs.

3. Operations and Program Management: ₦1,000,000 (10%)
This covers program coordination, impact documentation, reporting obligations to EYIF, and the administrative infrastructure required to manage a grant-funded cohort responsibly and transparently.

This allocation is designed to produce two outcomes simultaneously: a technology asset that permanently reduces Welup Digital's cost-to-serve and an Edo State student base that demonstrates the platform's capacity to deliver impact at scale. The LMS does not just serve this grant cycle. It serves every student Welup Digital will ever train.","12-Month Growth Targets

Welup Digital is not projecting from imagination. Every target below is anchored in existing performance data, a clear operational plan, and the specific leverage that the EYIF grant creates.

Student Enrollment:
Current total students trained: 3,963 across 10 bootcamps.
12-month target: 7,000 students, representing a 5x growth trajectory from our current monthly enrollment baseline.
This target is achievable through three concurrent drivers: the LMS infrastructure that removes the human-resource ceiling on how many students we can serve simultaneously, the Edo State cohort that opens a largely untapped regional market, and the structured marketing campaign that converts existing demand in the South-South into enrolled students.


Revenue:
Current annual revenue: ₦34,825,299.
12-month target: ₦174,126,495, a 5x increase aligned directly with the student growth target.
Current monthly revenue stands at ₦2,902,100 with a month-on-month growth rate of 2%. The LMS build eliminates the primary cost bottleneck limiting our margin expansion, and the marketing allocation accelerates the top-of-funnel volume required to hit this target.

Unit Economics
Current Customer Acquisition Cost: ₦35,000 per student.
Current Customer Lifetime Value: ₦420,000 per student.
LTV to CAC ratio: 12:1, which is a strong indicator of a scalable, capital-efficient business model.
The LMS build is projected to reduce CAC by approximately 30 to 40% over the grant period by automating onboarding, reducing manual coordination costs, and enabling referral and community-based acquisition at lower cost per conversion.

Monthly Active Users
Current Monthly Active Users: 116.
12-month target: 580+ monthly active users, consistent with the 5x enrollment growth trajectory.

Market Expansion
Primary expansion target: Edo State and the broader South-South region, currently underserved relative to demonstrated demand. Our existing 142 Edo students represent organic traction with zero targeted marketing in the state. A structured marketing campaign backed by the LMS infrastructure will convert latent demand into enrolled, paying students at scale.
Secondary expansion: deepen penetration in Abuja and Lagos; and Outside Nigeria, two markets showing strong potential growth that a functional LMS can serve with minimal additional operational cost.",1000,"Market Opportunity & Competitive Advantage:
Nigeria's digital economy is projected to contribute over $88 billion to GDP by 2030, according to the Nigerian National Digital Economy Policy and Strategy. The demand for skilled digital professionals is growing faster than the current training infrastructure can supply. This is not a future projection. It is a present reality that companies across every sector are navigating today, often unsuccessfully, because qualified local talent is simply not available in sufficient volume.

The addressable market for digital skills training in Nigeria is significant and largely underpenetrated outside of Lagos. An estimated 33 million young Nigerians between the ages of 18 and 35 are currently unemployed or underemployed, representing a generation with both the motivation and the need for credible, affordable skills training. In Edo State alone, youth unemployment significantly exceeds the national average, and access to quality training remains structurally limited.




Competitive Advantage
Focus on affordability: Cater to the needs of budget-conscious learners by offeringrelatively lower pricing, and flexible payment plans.

Personalized coaching and career support:
Differentiate by providing dedicated coaching, thriving community, mentorship opportunities and career services to ensure job readiness swiftly. 

Target under-served demographics: Fill the gap by specifically targeting mid-career professionals seeking career transitions and recent graduates/underemployed individuals.

Data-driven approach: Track and analyze user data to optimize learning outcomes and continuously improve the platform.","Social and Economic Impact
Welup Digital's impact model operates on two levels: individual economic transformation, community workforce development, and state-level economic contribution.

At the individual level, every student who completes a Welup program gains access to income opportunities that were structurally unavailable to them before training. Our graduate outcomes include salaried employment in Nigerian and international companies, freelance income from global clients, and entrepreneurial ventures built on newly acquired digital competencies. For young people in Edo State, where economic opportunity has historically required physical relocation to Lagos or Abuja, this represents a fundamental change in what is possible without leaving home.

At the community level, the Welup Edo Digital Accelerator targets 700 to 1000 young people within a single grant cycle. Each employed graduate has a measurable multiplier effect on their immediate household and community through income generation, local spending, and the referral of peers into the program. A community of 500 digitally employed young people in Benin City does not just represent 500 individual success stories. It represents the beginning of a locally grounded digital talent ecosystem that Edo's private sector can recruit from and build on.

At the state level, the impact compounds across two dimensions. First, direct job creation: Welup Digital projects the creation of 500 direct and indirect jobs within the 12-month grant period, comprising new internal hires at Welup, graduate placements in employment and freelance income, and corporate training contracts that upskill existing Edo State employees. Second, talent retention: by creating credible, income-generating opportunities within Edo State, this program directly addresses the brain drain dynamic that has consistently depleted the state of its most ambitious young people.","Welup Digital's long-term vision is to become the leading digital skills training institution in West Africa, with Edo State serving as the foundational proof point for a model that scales across every underserved state and country in the region.

Within three to five years, we are building toward four concrete outcomes.
A Fully Proprietary Learning Infrastructure. The LMS funded through this grant is the first phase of a broader technology vision. By year three, Welup Digital's platform will support fully asynchronous and hybrid learning delivery across multiple African markets, with automated certification, employer integration, and AI-assisted personalised learning pathways built directly into the system. The goal is a platform that can onboard and train thousands of students simultaneously with minimal proportional increase in operational cost.

A Pan-Nigerian Corporate Training Network. Our corporate training arm currently serves 50+ organisations. Within five years, the target is 500+ active corporate clients across Nigeria, with dedicated enterprise contracts in Edo State, Lagos, Abuja, Port Harcourt, and Kano. Corporate training represents our highest-margin revenue stream and our most direct channel for employer integration at scale. Growing this arm aggressively is central to both our financial sustainability and our graduate placement outcomes.

A Regional Presence Across West Africa. Nigeria is the starting point, not the destination. The digital skills deficit that Welup Digital addresses is not unique to Nigeria. It is a West African structural problem. By year five, Welup Digital will have established training operations in at least two additional West African markets, beginning with Ghana and Rwanda, leveraging the LMS infrastructure to deliver curriculum at low marginal cost across borders.

A Self-Sustaining Scholarship Ecosystem. Within five years, Welup Digital will establish a dedicated scholarship endowment funded through a percentage of corporate training revenue, alumni contributions, and strategic partnerships with international development organisations. The target is 500 fully funded scholarships annually for young people from low-income households across Nigeria, with Edo State maintaining a permanent allocation within that pool.

The thread connecting all four outcomes is the same: technology reduces the cost of delivery, corporate partnerships sustain the revenue model, and geographic expansion multiplies the impact. Welup Digital is not building a training company. We are building the infrastructure through which Africa's next generation of digital professionals will enter the workforce.","We are not coming to EYIF with an idea. We are coming with a proven model, a functioning operation, and a specific ask: help us deploy what already works into Edo State at the scale this moment demands.

That distinction matters enormously for EYIF as an investor. Capital deployed into an organisation with no operational track record is a bet. Capital deployed into Welup Digital is an acceleration. The risk profile is fundamentally different, and the probability of measurable, reportable impact within the grant cycle is significantly higher.

Here is what EYIF gets from this investment specifically.
Immediate, verifiable impact in Edo State. We already have 142 Edo students. We already have the curriculum, the employer relationships, and the operational systems. The grant does not fund a setup phase. It funds execution from day one.

A technology asset that outlasts the grant cycle. The LMS we are building does not disappear when the 12 months end. It becomes a permanent piece of infrastructure that reduces the cost of training every future Edo student Welup Digital will ever serve. EYIF's investment creates compounding returns that extend years beyond the grant period.

A credible partner for future EYIF initiatives. Welup Digital's corporate training relationships, alumni network, and employer pipeline represent assets that EYIF can leverage for future youth employment initiatives in Edo State. This is not a transactional relationship. It is the beginning of a long-term institutional partnership.

Quantifiable job creation and income generation. Within 12 months, we are projecting 1,000 direct and indirect jobs created, 7,000 Edo youth trained and transitioned into employment or freelance income, and a 5x increase in revenue demonstrating that the model scales as invested.

EYIF exists to back organisations that can transform Edo's youth employment landscape, not incrementally, but structurally. Welup Digital is that organisation. We have the proof, the plan, and the people to deliver. This grant is the catalyst that turns what we have already built into something Edo State will feel for a generation.",SCALE,PENDING,2026,2026-06-22T22:15:06.425Z,2026-06-22T22:15:06.425Z,0
6a33ffaefa4f3b5303910bb7,Kadiri Jeremiah Enaholo ,jeremiahkadiri@gmail.com,08069055018,35,Resident,"Resident,Indigene,Business Based",Auchi Blog and Services ,3487612,2020,https://www.facebook.com,"Problem: lack of ample coverage and information communication of issues, events, people and places of Edo North.

Solution: providing a robust coverage of happenings in EDO North from Auchi, the Headquarters of Etsako West Local Government area of Edo State. ",creative,25000,1200000,450000,5400000,5,,,www.facebook.com/Itsemha,4,"Managing Director: in charge of day to day operations, management of staff affairs, etc
Reporters (2): responsible for information gathering, processing and communication 
Executive Secretary: record keeping duties. ",yes,"+#35,000,000 fundraiser for a medical cause of a liver cerosis patient in India.
Funds were raised through contributions from our online followers. ",276870,2,"To scale up the business by adding photography, cinematography, drone technologies into the services we offer.
We will be employing more hands to expand our workforce because in our line of service, the more the hands, the more revenue and the farther our reach.
It is also going to help upskill current and incoming workforce to level up and give better input for better outcomes.","To build a team of no fewer than 10 skilled youths.
To expand the scope of our services and reach.
To be able to generate no fewer than 10-15 million naira for a start. 
To increase growth rate by over 50%",15,"We pride ourselves with having an organic Followership of Afemai people at home and in the Diaspora who on a daily basis are fed with information about happenings at home. This vast audice is a viable currency that drives our platform such that everyone wants his activity featured favorably on the platform.
Hence we commercialize our services like photostories, news clips, publicity and promotional services, trainings, media consultancy, etc. ","On the one hand, Auchi Blog and Services is building an informed society through regular, accurate communication of happenings whilst offering gainful engagement, trainings and mentorship to a youthful team of hardworking people. ","To become a global information communication platform of repute, a household name in the media spectrum and to increase our workforce further to ensure that more and more Youths are engaged and off the streets. ","Because the business of information communication is viable, lucrative and impactful. There is no limit to what impact can be made and what gains are therein especially when the required funds, materials, skills are put into good use. ",SCALE,PENDING,2026,2026-06-18T14:24:46.888Z,2026-06-18T14:24:46.888Z,0
6a2db3cd087c0ee93788c90f,Benjamin Glory,gloryben360@gmail.com,09052231679,21,Resident,,FARMSTACK AGRISOLUTIONS Ltd ,NO. 8835774,2025,https://getfarmstack.com,"Problem

Nigeria’s food distribution system remains fragmented, resulting in higher consumer prices, inconsistent supply, and limited access to reliable procurement channels for households and businesses.

Solution

FarmStack is building technology-enabled food distribution infrastructure that improves how food moves from suppliers to consumers through localized fulfilment hubs, digital ordering systems, and efficient supply chain coordination.",agriculture,50,25,400000,1400000,20,1000,75000,"* 150+ fulfilled orders
* ₦1.4M+ sales processed
* 50+ customers served
* Repeat customers
* Active Lagos operations
* Screenshots of WhatsApp orders
* Screenshots of web platform
* Customer testimonials",10,"Glory Benjamin Uche

Founder & CEO

Business Development, Partnerships, Strategy

Operations Lead

Procurement, Fulfillment, Supplier Coordination

Technology Team

Web Platform, WhatsApp Ordering Infrastructure, Automation",no,,120000,3,"Infrastructure & Fulfilment Hub Development – 35%
₦3.5M
Working Capital & Procurement Operations – 25%

₦2.5M
Customer Acquisition & Market Expansion – 20%
₦2M
Technology Infrastructure – 10%
₦1M
Team Development & Operations – 10%
₦1M","Customers

50 → 3,000+

Orders

150 → 15,000+

Revenue

₦1.4M cumulative → ₦50M+ annualized transaction volume

Expansion

Benin Hub

Strengthened Lagos Hub

Commercial Buyer Network",50,"Market Opportunity

Nigeria’s food distribution market is worth billions of naira annually, yet remains largely fragmented and inefficient.

Competitive Advantage

* Demand aggregation model
* Technology-enabled ordering
* WhatsApp AI ordering system
* Asset-light fulfilment model
* Localized distribution hubs
* Strong supplier relationships
* Focus on affordability and convenience","FarmStack Fresh:

* Reduces food costs for households
* Improves market access
* Creates jobs
* Supports local suppliers
* Improves procurement efficiency
* Increases access to quality food","To become the infrastructure powering food distribution across Africa through a network of technology-enabled distribution hubs connecting households, businesses, suppliers, and agricultural producers.

FarmStack aims to build the most trusted and accessible food distribution ecosystem in Africa.","FarmStack Fresh has already demonstrated market demand through real customers, real transactions, and active operations.

Unlike many early-stage startups, FarmStack is solving a critical infrastructure challenge within the food value chain while generating measurable traction.

EYIF’s support will accelerate the development of scalable food distribution infrastructure that creates jobs, improves affordability, strengthens supply chains, and expands economic opportunity across Edo State and beyond.",SCALE,PENDING,2026,2026-06-13T19:47:25.143Z,2026-06-13T19:47:25.143Z,0
69fb7780ac6413a52608ed1e,Ezeh Uchenna Jecinta,jecintaezehxx@gmail.com,08063616541,30,Resident,,jmarydiamondultimate,3376124,2015,https://www.facebook.com/jmarydiamondultimate/,"Jmary Diamond Ultimate solves the lack of professional, clinical-grade aesthetic recovery in Edo State. While traditional spas focus on surface beauty, we address Vascular Congestion and Post-Surgical Complications through non-invasive pathophysiology-based treatments. We bridge the gap between medical health and aesthetic wellness, providing safe, standardized care that restores both physical health and psychological confidence.
",other,2500,45,650000,7800000,5,3500,180000,"11 years of operational excellence with over 2,500 total customers served. Successfully transitioned to clinical grade treatments with a 100% success rate in managing complex cases like chronic thyroid edema and vascular congestion. Currently maintaining a high-retention base of 45 active monthly clients.",3,"Jecinta Ezeh: Director & CEO / Lead Clinical Aesthetic Specialist (Microbiologist).
Miss Stephanie: Operations Manager & Client Relations.
Miriam Aisosa: Strategic Consultant (Legal & Onboarding).",no,,260000,6,"40% for medical-grade equipment (High-frequency lymphatic stimulators, clinical microdermabrasion); 30% for facility upgrading to ITEC/CIDESCO international standards; 20% for hiring/training 3 specialized clinical assistants; 10% for targeted digital marketing to reach chronic vascular patients",Acquire 150+ new clinical-grade patients; increase monthly revenue to ₦2.5M; secure international accreditation (ITEC); establish Jmary as the primary non-invasive referral center for post-surgical recovery in Benin City,5,"The market is currently split between hospitals (drugs/surgery) and basic spas (beauty). Jmary occupies the 'Blue Ocean' of Clinical Aesthetics. Our advantage is our CEO’s Microbiology background combined with 11 years of localized market trust, allowing us to solve chronic health issues without invasive surgery.","Reducing the health burden in Edo State by providing non-invasive management for chronic conditions like edema, VDT, and osteoarthritis. We empower women through specialized health education and create high-skilled jobs for young science graduates in the region.
","To become West Africa’s leading accredited institute for Clinical Aesthetic Medicine, training the next generation of specialists and expanding into three major Nigerian cities.","Most grant applicants in this field are beauty enthusiasts. I am a Scientist.I don't just treat skin; I manage the human system at a microbial and vascular level. My firm is built on the scientific rigor of a Microbiologist, not the trends of a beauty therapist.""
We provide non-invasive clinical alternatives for chronic health issues. By treating conditions like vascular congestion and  lymphatic blockage, we reduce the burden on Nigeria's surgical wards and offer patients a drug-free path to recovery
In conclusion,You should choose Jmary Clinical Firm because we are the intersection of Clinical Science and Preventative Health. We have the 11-year foundation, the scientific expertise, and a proven, high-retention client base. Your investment will not just buy equipment,it will provide life-changing, non-invasive health solutions to a community that currently has to choose between basic beauty or expensive surgery.
",SCALE,PENDING,2026,2026-05-06T17:16:48.250Z,2026-05-06T17:16:48.250Z,0
69d20e0802a49ed65e6ad252,Carol Davis,carol@example.com,+2348033333333,32,Business Based,,PayFlow Technologies,RC7654321,2021,https://payflow.ng,Businesses struggle with payment reconciliation across multiple channels - we provide automated reconciliation and financial reporting,Fintech,5000,3500,8500000,95000000,220,25000,450000,"95M annual revenue, 120 enterprise clients, 3500 MAU, partnerships with 3 major banks",25,"CEO (ex-Paystack), CTO (15 years fintech), CFO (Big 4 background), Head of Sales",Seed Round,₦25M seed funding from local VCs in 2023,3500000,24,"Expand sales team, enhance AI reconciliation engine, enter Ghana market","₦300M ARR, 15000 users, expand to 3 West African countries by 2027",25,₦2 trillion payment processing market in Nigeria,Helping 500+ SMEs save 20 hours/month on financial operations,Become the leading financial operations platform across West Africa,"Proven product-market fit, strong unit economics (LTV/CAC 18x), experienced team, massive market opportunity",SCALE,PENDING,2026,2026-04-05T07:23:52.906Z,2026-04-05T07:23:52.906Z,0